-- --------------------------------------------------------
-- Host:                         127.0.0.1
-- Server version:               5.5.34 - MySQL Community Server (GPL)
-- Server OS:                    Win32
-- HeidiSQL Version:             8.3.0.4694
-- --------------------------------------------------------

/*!40101 SET @OLD_CHARACTER_SET_CLIENT=@@CHARACTER_SET_CLIENT */;
/*!40101 SET NAMES utf8 */;
/*!40014 SET @OLD_FOREIGN_KEY_CHECKS=@@FOREIGN_KEY_CHECKS, FOREIGN_KEY_CHECKS=0 */;
/*!40101 SET @OLD_SQL_MODE=@@SQL_MODE, SQL_MODE='NO_AUTO_VALUE_ON_ZERO' */;

-- Dumping database structure for matinee_calendar
DROP DATABASE IF EXISTS `matinee_calendar`;
CREATE DATABASE IF NOT EXISTS `matinee_calendar` /*!40100 DEFAULT CHARACTER SET utf8 */;
USE `matinee_calendar`;


-- Dumping structure for table matinee_calendar.matinee_advert
DROP TABLE IF EXISTS `matinee_advert`;
CREATE TABLE IF NOT EXISTS `matinee_advert` (
  `id` mediumint(8) unsigned NOT NULL AUTO_INCREMENT,
  `groupid` int(11) DEFAULT NULL,
  `documentid` int(11) DEFAULT NULL,
  `imageid` int(11) DEFAULT NULL,
  `memberid` int(11) DEFAULT NULL,
  `title` varchar(100) DEFAULT NULL,
  `roleid` varchar(20) NOT NULL,
  `createddate` timestamp NOT NULL DEFAULT CURRENT_TIMESTAMP ON UPDATE CURRENT_TIMESTAMP,
  `expirydate` timestamp NOT NULL DEFAULT '0000-00-00 00:00:00',
  `published` varchar(1) DEFAULT NULL,
  `publisheddate` timestamp NOT NULL DEFAULT '0000-00-00 00:00:00',
  `cancelleddate` timestamp NOT NULL DEFAULT '0000-00-00 00:00:00',
  `reasonforcancellation` text,
  `url` varchar(140) DEFAULT NULL,
  PRIMARY KEY (`id`)
) ENGINE=MyISAM DEFAULT CHARSET=latin1;

-- Dumping data for table matinee_calendar.matinee_advert: 0 rows
/*!40000 ALTER TABLE `matinee_advert` DISABLE KEYS */;
/*!40000 ALTER TABLE `matinee_advert` ENABLE KEYS */;


-- Dumping structure for table matinee_calendar.matinee_advertgroup
DROP TABLE IF EXISTS `matinee_advertgroup`;
CREATE TABLE IF NOT EXISTS `matinee_advertgroup` (
  `id` mediumint(8) unsigned NOT NULL AUTO_INCREMENT,
  `name` varchar(100) DEFAULT NULL,
  PRIMARY KEY (`id`)
) ENGINE=MyISAM DEFAULT CHARSET=latin1;

-- Dumping data for table matinee_calendar.matinee_advertgroup: 0 rows
/*!40000 ALTER TABLE `matinee_advertgroup` DISABLE KEYS */;
/*!40000 ALTER TABLE `matinee_advertgroup` ENABLE KEYS */;


-- Dumping structure for table matinee_calendar.matinee_applicationactionroles
DROP TABLE IF EXISTS `matinee_applicationactionroles`;
CREATE TABLE IF NOT EXISTS `matinee_applicationactionroles` (
  `id` int(11) unsigned NOT NULL AUTO_INCREMENT,
  `actionid` int(11) DEFAULT NULL,
  `roleid` varchar(20) NOT NULL,
  PRIMARY KEY (`id`)
) ENGINE=MyISAM AUTO_INCREMENT=646 DEFAULT CHARSET=latin1;

-- Dumping data for table matinee_calendar.matinee_applicationactionroles: 127 rows
/*!40000 ALTER TABLE `matinee_applicationactionroles` DISABLE KEYS */;
REPLACE INTO `matinee_applicationactionroles` (`id`, `actionid`, `roleid`) VALUES
	(614, 425, 'PUBLIC'),
	(613, 424, 'PUBLIC'),
	(612, 423, 'PUBLIC'),
	(611, 422, 'PUBLIC'),
	(610, 421, 'PUBLIC'),
	(609, 420, 'PUBLIC'),
	(608, 419, 'PUBLIC'),
	(607, 418, 'PUBLIC'),
	(606, 417, 'PUBLIC'),
	(605, 416, 'PUBLIC'),
	(604, 415, 'PUBLIC'),
	(603, 414, 'PUBLIC'),
	(602, 413, 'PUBLIC'),
	(601, 412, 'PUBLIC'),
	(600, 411, 'PUBLIC'),
	(599, 410, 'PUBLIC'),
	(598, 409, 'PUBLIC'),
	(597, 408, 'PUBLIC'),
	(596, 407, 'PUBLIC'),
	(595, 406, 'PUBLIC'),
	(594, 405, 'PUBLIC'),
	(593, 404, 'PUBLIC'),
	(592, 403, 'PUBLIC'),
	(591, 402, 'PUBLIC'),
	(590, 401, 'PUBLIC'),
	(589, 400, 'PUBLIC'),
	(588, 399, 'PUBLIC'),
	(587, 398, 'PUBLIC'),
	(586, 397, 'PUBLIC'),
	(585, 396, 'PUBLIC'),
	(584, 395, 'PUBLIC'),
	(583, 394, 'PUBLIC'),
	(582, 393, 'PUBLIC'),
	(581, 392, 'PUBLIC'),
	(580, 391, 'PUBLIC'),
	(579, 390, 'PUBLIC'),
	(578, 389, 'PUBLIC'),
	(577, 388, 'PUBLIC'),
	(576, 387, 'PUBLIC'),
	(575, 386, 'PUBLIC'),
	(574, 385, 'PUBLIC'),
	(573, 384, 'PUBLIC'),
	(572, 383, 'PUBLIC'),
	(571, 382, 'PUBLIC'),
	(570, 381, 'PUBLIC'),
	(569, 380, 'PUBLIC'),
	(568, 379, 'PUBLIC'),
	(567, 378, 'PUBLIC'),
	(566, 377, 'PUBLIC'),
	(565, 376, 'PUBLIC'),
	(564, 375, 'PUBLIC'),
	(563, 374, 'PUBLIC'),
	(562, 373, 'PUBLIC'),
	(561, 372, 'PUBLIC'),
	(560, 371, 'PUBLIC'),
	(559, 370, 'PUBLIC'),
	(558, 369, 'PUBLIC'),
	(557, 368, 'PUBLIC'),
	(556, 367, 'PUBLIC'),
	(555, 366, 'PUBLIC'),
	(554, 365, 'PUBLIC'),
	(553, 364, 'PUBLIC'),
	(552, 363, 'PUBLIC'),
	(551, 362, 'PUBLIC'),
	(550, 361, 'PUBLIC'),
	(549, 360, 'PUBLIC'),
	(548, 359, 'PUBLIC'),
	(547, 358, 'PUBLIC'),
	(546, 357, 'PUBLIC'),
	(545, 356, 'PUBLIC'),
	(544, 355, 'PUBLIC'),
	(543, 354, 'PUBLIC'),
	(542, 353, 'PUBLIC'),
	(541, 352, 'PUBLIC'),
	(540, 351, 'PUBLIC'),
	(539, 350, 'PUBLIC'),
	(538, 349, 'PUBLIC'),
	(537, 348, 'PUBLIC'),
	(536, 347, 'PUBLIC'),
	(535, 346, 'PUBLIC'),
	(534, 345, 'PUBLIC'),
	(533, 344, 'PUBLIC'),
	(532, 343, 'PUBLIC'),
	(531, 342, 'PUBLIC'),
	(530, 341, 'PUBLIC'),
	(529, 340, 'PUBLIC'),
	(528, 339, 'PUBLIC'),
	(527, 338, 'PUBLIC'),
	(526, 337, 'PUBLIC'),
	(525, 336, 'PUBLIC'),
	(524, 335, 'PUBLIC'),
	(523, 334, 'PUBLIC'),
	(522, 333, 'PUBLIC'),
	(521, 332, 'PUBLIC'),
	(520, 331, 'PUBLIC'),
	(519, 330, 'PUBLIC'),
	(615, 426, 'PUBLIC'),
	(616, 427, 'PUBLIC'),
	(617, 428, 'PUBLIC'),
	(618, 429, 'PUBLIC'),
	(619, 430, 'PUBLIC'),
	(620, 431, 'PUBLIC'),
	(621, 432, 'PUBLIC'),
	(622, 433, 'PUBLIC'),
	(623, 434, 'PUBLIC'),
	(624, 435, 'PUBLIC'),
	(625, 436, 'PUBLIC'),
	(626, 437, 'PUBLIC'),
	(627, 438, 'PUBLIC'),
	(628, 439, 'PUBLIC'),
	(629, 440, 'PUBLIC'),
	(630, 441, 'PUBLIC'),
	(631, 442, 'PUBLIC'),
	(632, 443, 'PUBLIC'),
	(633, 444, 'PUBLIC'),
	(634, 445, 'PUBLIC'),
	(635, 446, 'PUBLIC'),
	(636, 447, 'PUBLIC'),
	(637, 448, 'PUBLIC'),
	(638, 449, 'PUBLIC'),
	(639, 450, 'PUBLIC'),
	(640, 451, 'PUBLIC'),
	(641, 452, 'PUBLIC'),
	(642, 453, 'PUBLIC'),
	(643, 454, 'PUBLIC'),
	(644, 455, 'PUBLIC'),
	(645, 456, 'PUBLIC');
/*!40000 ALTER TABLE `matinee_applicationactionroles` ENABLE KEYS */;


-- Dumping structure for table matinee_calendar.matinee_applicationactions
DROP TABLE IF EXISTS `matinee_applicationactions`;
CREATE TABLE IF NOT EXISTS `matinee_applicationactions` (
  `id` int(11) unsigned NOT NULL AUTO_INCREMENT,
  `pageid` int(11) DEFAULT NULL,
  `description` varchar(40) DEFAULT NULL,
  `code` varchar(20) DEFAULT NULL,
  PRIMARY KEY (`id`)
) ENGINE=MyISAM AUTO_INCREMENT=457 DEFAULT CHARSET=latin1;

-- Dumping data for table matinee_calendar.matinee_applicationactions: 127 rows
/*!40000 ALTER TABLE `matinee_applicationactions` DISABLE KEYS */;
REPLACE INTO `matinee_applicationactions` (`id`, `pageid`, `description`, `code`) VALUES
	(425, 7201, 'Leave', 'leaveGroup'),
	(424, 7201, 'Join', 'joinGroup'),
	(423, 7201, 'Remove item', 'RemoveItem'),
	(422, 7201, 'Edit item', 'EditItem'),
	(421, 7201, 'View item', 'ViewItem'),
	(420, 7201, 'Add item', 'AddItem'),
	(419, 7201, 'Filter', 'Filter'),
	(418, 7199, 'View item', 'ViewItem'),
	(417, 7199, 'Filter', 'Filter'),
	(416, 7197, 'View item', 'ViewItem'),
	(415, 7197, 'Filter', 'Filter'),
	(414, 7195, 'Remove item', 'RemoveItem'),
	(413, 7195, 'Edit item', 'EditItem'),
	(412, 7195, 'View item', 'ViewItem'),
	(411, 7195, 'Add item', 'AddItem'),
	(410, 7195, 'Filter', 'Filter'),
	(409, 7182, 'View item', 'ViewItem'),
	(408, 7182, 'Filter', 'Filter'),
	(407, 7181, 'View item', 'ViewItem'),
	(406, 7181, 'Filter', 'Filter'),
	(405, 7177, 'View item', 'ViewItem'),
	(404, 7177, 'Filter', 'Filter'),
	(403, 7176, 'Remove item', 'RemoveItem'),
	(402, 7176, 'Edit item', 'EditItem'),
	(401, 7176, 'View item', 'ViewItem'),
	(400, 7176, 'Filter', 'Filter'),
	(399, 7125, 'Edit item', 'EditItem'),
	(398, 7178, 'Reject', 'reject'),
	(397, 7178, 'Approve', 'approve'),
	(396, 7178, 'Users', 'userRoles'),
	(395, 7178, 'Remove item', 'RemoveItem'),
	(394, 7178, 'Edit item', 'EditItem'),
	(393, 7178, 'View item', 'ViewItem'),
	(392, 7178, 'Add item', 'AddItem'),
	(391, 7178, 'Filter', 'Filter'),
	(390, 11, 'User Roles', 'userRoles'),
	(389, 11, 'Remove item', 'RemoveItem'),
	(388, 11, 'Edit item', 'EditItem'),
	(387, 11, 'View item', 'ViewItem'),
	(386, 11, 'Add item', 'AddItem'),
	(385, 11, 'Filter', 'Filter'),
	(384, 7168, 'Remove item', 'RemoveItem'),
	(383, 7168, 'Edit item', 'EditItem'),
	(382, 7168, 'View item', 'ViewItem'),
	(381, 7168, 'Add item', 'AddItem'),
	(380, 7168, 'Filter', 'Filter'),
	(379, 7167, 'Remove item', 'RemoveItem'),
	(378, 7167, 'Edit item', 'EditItem'),
	(377, 7167, 'View item', 'ViewItem'),
	(376, 7167, 'Add item', 'AddItem'),
	(375, 7167, 'Filter', 'Filter'),
	(374, 7158, 'Users', 'userRoles'),
	(373, 7163, 'Remove item', 'RemoveItem'),
	(372, 7163, 'Edit item', 'EditItem'),
	(371, 7163, 'View item', 'ViewItem'),
	(370, 7163, 'Add item', 'AddItem'),
	(369, 7163, 'Filter', 'Filter'),
	(368, 7162, 'Remove item', 'RemoveItem'),
	(367, 7162, 'Edit item', 'EditItem'),
	(366, 7162, 'View item', 'ViewItem'),
	(365, 7162, 'Add item', 'AddItem'),
	(364, 7162, 'Filter', 'Filter'),
	(363, 7158, 'Remove item', 'RemoveItem'),
	(362, 7158, 'Edit item', 'EditItem'),
	(361, 7158, 'View item', 'ViewItem'),
	(360, 7158, 'Add item', 'AddItem'),
	(359, 7158, 'Filter', 'Filter'),
	(358, 7160, 'Edit item', 'EditItem'),
	(357, 7160, 'Add item', 'AddItem'),
	(356, 7160, 'Remove item', 'RemoveItem'),
	(355, 7160, 'View item', 'ViewItem'),
	(354, 7160, 'Filter', 'Filter'),
	(353, 7105, 'Move Down', 'sequenceDown'),
	(352, 7105, 'Move Up', 'sequenceUp'),
	(351, 7105, 'Content', 'editContent'),
	(350, 7105, 'Roles', 'pageRoles'),
	(349, 7105, 'Remove item', 'RemoveItem'),
	(348, 7105, 'Edit item', 'EditItem'),
	(347, 7105, 'View item', 'ViewItem'),
	(346, 7105, 'Add item', 'AddItem'),
	(345, 7105, 'Filter', 'Filter'),
	(344, 7125, 'Reply', 'reply'),
	(343, 7125, 'View', 'viewMessages'),
	(342, 7125, 'Remove item', 'RemoveItem'),
	(341, 7125, 'Add item', 'AddItem'),
	(340, 7125, 'Filter', 'Filter'),
	(339, 4, 'Remove item', 'RemoveItem'),
	(338, 4, 'View item', 'ViewItem'),
	(337, 4, 'Filter', 'Filter'),
	(336, 130, 'Live', 'live'),
	(335, 130, 'Expire', 'expire'),
	(334, 130, 'User Roles', 'userRoles'),
	(333, 130, 'Remove item', 'RemoveItem'),
	(332, 130, 'Edit item', 'EditItem'),
	(331, 130, 'View item', 'ViewItem'),
	(330, 130, 'Filter', 'Filter'),
	(426, 7176, 'Add item', 'AddItem'),
	(427, 7202, 'Filter', 'Filter'),
	(428, 7202, 'Add item', 'AddItem'),
	(429, 7202, 'View item', 'ViewItem'),
	(430, 7202, 'Edit item', 'EditItem'),
	(431, 7202, 'Remove item', 'RemoveItem'),
	(432, 1, 'Filter', 'Filter'),
	(433, 1, 'Add item', 'AddItem'),
	(434, 1, 'View item', 'ViewItem'),
	(435, 1, 'Edit item', 'EditItem'),
	(436, 1, 'Remove item', 'RemoveItem'),
	(437, 7106, 'Filter', 'Filter'),
	(438, 7106, 'View item', 'ViewItem'),
	(439, 7106, 'Edit item', 'EditItem'),
	(440, 7106, 'Remove item', 'RemoveItem'),
	(441, 7106, 'User Roles', 'actionRoles'),
	(442, 2, 'Filter', 'Filter'),
	(443, 2, 'Add item', 'AddItem'),
	(444, 2, 'View item', 'ViewItem'),
	(445, 2, 'Edit item', 'EditItem'),
	(446, 2, 'Remove item', 'RemoveItem'),
	(447, 7203, 'Filter', 'Filter'),
	(448, 7203, 'Add item', 'AddItem'),
	(449, 7203, 'View item', 'ViewItem'),
	(450, 7203, 'Edit item', 'EditItem'),
	(451, 7203, 'Remove item', 'RemoveItem'),
	(452, 7204, 'Filter', 'Filter'),
	(453, 7204, 'Add item', 'AddItem'),
	(454, 7204, 'View item', 'ViewItem'),
	(455, 7204, 'Edit item', 'EditItem'),
	(456, 7204, 'Remove item', 'RemoveItem');
/*!40000 ALTER TABLE `matinee_applicationactions` ENABLE KEYS */;


-- Dumping structure for table matinee_calendar.matinee_applicationtablecolumns
DROP TABLE IF EXISTS `matinee_applicationtablecolumns`;
CREATE TABLE IF NOT EXISTS `matinee_applicationtablecolumns` (
  `id` int(10) NOT NULL AUTO_INCREMENT,
  `headerid` int(10) NOT NULL,
  `columnindex` int(10) NOT NULL,
  `width` int(10) NOT NULL,
  `hidecolumn` int(10) NOT NULL DEFAULT '0',
  `label` varchar(60) NOT NULL,
  PRIMARY KEY (`id`),
  UNIQUE KEY `headerid_column` (`headerid`,`columnindex`)
) ENGINE=MyISAM AUTO_INCREMENT=139 DEFAULT CHARSET=latin1;

-- Dumping data for table matinee_calendar.matinee_applicationtablecolumns: 1 rows
/*!40000 ALTER TABLE `matinee_applicationtablecolumns` DISABLE KEYS */;
REPLACE INTO `matinee_applicationtablecolumns` (`id`, `headerid`, `columnindex`, `width`, `hidecolumn`, `label`) VALUES
	(138, 43, 1, 124, 0, 'Created Date');
/*!40000 ALTER TABLE `matinee_applicationtablecolumns` ENABLE KEYS */;


-- Dumping structure for table matinee_calendar.matinee_applicationtables
DROP TABLE IF EXISTS `matinee_applicationtables`;
CREATE TABLE IF NOT EXISTS `matinee_applicationtables` (
  `id` int(10) NOT NULL AUTO_INCREMENT,
  `pageid` int(10) NOT NULL,
  `memberid` int(10) NOT NULL,
  PRIMARY KEY (`id`)
) ENGINE=MyISAM AUTO_INCREMENT=44 DEFAULT CHARSET=latin1;

-- Dumping data for table matinee_calendar.matinee_applicationtables: 1 rows
/*!40000 ALTER TABLE `matinee_applicationtables` DISABLE KEYS */;
REPLACE INTO `matinee_applicationtables` (`id`, `pageid`, `memberid`) VALUES
	(43, 4, 1);
/*!40000 ALTER TABLE `matinee_applicationtables` ENABLE KEYS */;


-- Dumping structure for table matinee_calendar.matinee_auditlog
DROP TABLE IF EXISTS `matinee_auditlog`;
CREATE TABLE IF NOT EXISTS `matinee_auditlog` (
  `id` int(10) NOT NULL AUTO_INCREMENT,
  `createdby` int(10) DEFAULT NULL,
  `createddate` datetime DEFAULT NULL,
  `originalmemberid` int(10) DEFAULT NULL,
  `originalstudioid` int(10) DEFAULT NULL,
  `originalstartdate` datetime DEFAULT NULL,
  `originalenddate` datetime DEFAULT NULL,
  `modifiedmemberid` int(11) DEFAULT NULL,
  `modifiedstudioid` int(11) DEFAULT NULL,
  `modifiedstartdate` datetime DEFAULT NULL,
  `modifiedenddate` datetime DEFAULT NULL,
  `mode` varchar(1) DEFAULT NULL,
  PRIMARY KEY (`id`)
) ENGINE=MyISAM AUTO_INCREMENT=563 DEFAULT CHARSET=latin1;

-- Dumping data for table matinee_calendar.matinee_auditlog: 195 rows
/*!40000 ALTER TABLE `matinee_auditlog` DISABLE KEYS */;
REPLACE INTO `matinee_auditlog` (`id`, `createdby`, `createddate`, `originalmemberid`, `originalstudioid`, `originalstartdate`, `originalenddate`, `modifiedmemberid`, `modifiedstudioid`, `modifiedstartdate`, `modifiedenddate`, `mode`) VALUES
	(367, 1, '2013-11-06 16:26:49', 0, 1, '2013-11-06 13:00:00', '2013-11-06 14:00:00', NULL, NULL, NULL, NULL, 'I'),
	(368, 1, '2013-11-06 16:27:21', 0, 1, '2013-11-06 12:30:00', '2013-11-06 13:30:00', NULL, NULL, NULL, NULL, 'I'),
	(369, 1, '2013-11-06 16:27:23', 0, 1, '2013-11-06 12:30:00', '2013-11-06 13:30:00', 0, 1, '2013-11-06 14:00:00', '2013-11-06 15:00:00', 'U'),
	(370, 233, '2013-11-06 16:34:14', 0, 1, '2013-11-06 12:00:00', '2013-11-06 13:00:00', NULL, NULL, NULL, NULL, 'I'),
	(371, 233, '2013-11-06 16:34:17', 0, 1, '2013-11-06 16:00:00', '2013-11-06 17:00:00', NULL, NULL, NULL, NULL, 'I'),
	(372, 233, '2013-11-06 16:39:21', 0, 1, '2013-11-06 11:30:00', '2013-11-06 12:30:00', NULL, NULL, NULL, NULL, 'I'),
	(373, 235, '2013-11-06 16:43:47', 0, 1, '2013-11-06 12:00:00', '2013-11-06 13:00:00', NULL, NULL, NULL, NULL, 'I'),
	(374, 235, '2013-11-06 16:43:49', 0, 1, '2013-11-06 15:00:00', '2013-11-06 16:00:00', NULL, NULL, NULL, NULL, 'I'),
	(375, 235, '2013-11-06 17:54:30', 0, 1, '2013-11-06 10:00:00', '2013-11-06 11:00:00', NULL, NULL, NULL, NULL, 'I'),
	(376, 235, '2013-11-07 10:14:32', 235, 6, '2013-11-07 12:00:00', '2013-11-07 13:00:00', NULL, NULL, NULL, NULL, 'I'),
	(377, 235, '2013-11-07 10:14:38', 235, 3, '2013-11-07 17:00:00', '2013-11-07 18:00:00', NULL, NULL, NULL, NULL, 'I'),
	(378, 235, '2013-11-07 10:15:13', 235, 3, '2013-11-07 17:00:00', '2013-11-07 18:00:00', 235, 3, '2013-11-07 17:00:00', '2013-11-07 17:00:00', 'R'),
	(379, 235, '2013-11-07 10:15:16', 235, 6, '2013-11-07 12:00:00', '2013-11-07 13:00:00', 235, 6, '2013-11-07 12:00:00', '2013-11-07 12:00:00', 'R'),
	(380, 235, '2013-11-07 10:33:01', 239, 0, '2013-11-07 09:00:00', '2013-11-07 19:00:00', NULL, NULL, NULL, NULL, 'I'),
	(381, 235, '2013-11-07 13:09:37', 239, 15, '2013-11-07 09:00:00', '2013-11-07 19:00:00', NULL, NULL, NULL, NULL, 'I'),
	(382, 235, '2013-11-07 13:09:50', 239, 15, '2013-11-07 09:00:00', '2013-11-07 19:00:00', 239, 15, '2013-11-07 09:00:00', '2013-11-07 10:30:00', 'U'),
	(383, 235, '2013-11-07 13:09:52', 239, 15, '2013-11-07 09:00:00', '2013-11-07 10:30:00', 239, 15, '2013-11-07 09:00:00', '2013-11-07 10:30:00', 'U'),
	(384, 235, '2013-11-07 13:09:54', 239, 15, '2013-11-07 09:00:00', '2013-11-07 10:30:00', 239, 15, '2013-11-07 09:00:00', '2013-11-07 10:30:00', 'U'),
	(385, 235, '2013-11-07 13:09:55', 239, 15, '2013-11-07 09:00:00', '2013-11-07 10:30:00', 239, 15, '2013-11-07 09:00:00', '2013-11-07 10:30:00', 'U'),
	(386, 235, '2013-11-07 13:09:58', 239, 15, '2013-11-07 09:00:00', '2013-11-07 10:30:00', 235, 15, '2013-11-07 09:00:00', '2013-11-07 10:30:00', 'U'),
	(387, 235, '2013-11-07 13:10:00', 239, 15, '2013-11-07 09:00:00', '2013-11-07 10:30:00', 239, 15, '2013-11-07 13:00:00', '2013-11-07 14:30:00', 'U'),
	(388, 235, '2013-11-07 13:10:01', 239, 15, '2013-11-07 13:00:00', '2013-11-07 14:30:00', 239, 15, '2013-11-07 13:00:00', '2013-11-07 17:00:00', 'U'),
	(389, 235, '2013-11-07 13:10:02', 239, 15, '2013-11-07 13:00:00', '2013-11-07 17:00:00', 239, 15, '2013-11-07 10:30:00', '2013-11-07 14:30:00', 'U'),
	(390, 235, '2013-11-07 13:10:04', 239, 15, '2013-11-07 10:30:00', '2013-11-07 14:30:00', 235, 15, '2013-11-07 10:30:00', '2013-11-07 14:30:00', 'U'),
	(391, 235, '2013-11-07 13:10:06', 235, 15, '2013-11-07 10:30:00', '2013-11-07 14:30:00', 235, 15, '2013-11-07 10:30:00', '2013-11-07 18:00:00', 'U'),
	(392, 1, '2013-11-07 17:09:13', 239, 19, '2013-11-07 09:00:00', '2013-11-07 19:00:00', NULL, NULL, NULL, NULL, 'I'),
	(393, 1, '2013-11-07 17:09:41', 239, 19, '2013-11-07 09:00:00', '2013-11-07 19:00:00', 1, 19, '2013-11-07 09:00:00', '2013-11-07 09:00:00', 'R'),
	(394, 1, '2013-11-07 17:11:34', 235, 15, '2013-11-07 10:30:00', '2013-11-07 18:00:00', 239, 15, '2013-11-07 12:00:00', '2013-11-07 19:30:00', 'U'),
	(395, 1, '2013-11-07 17:11:40', 239, 15, '2013-11-07 12:00:00', '2013-11-07 19:30:00', 239, 15, '2013-11-07 12:00:00', '2013-11-07 13:00:00', 'U'),
	(396, 1, '2013-11-07 17:11:44', 239, 15, '2013-11-07 12:00:00', '2013-11-07 13:00:00', 239, 15, '2013-11-07 12:00:00', '2013-11-07 13:30:00', 'U'),
	(397, 1, '2013-11-07 17:11:45', 239, 15, '2013-11-07 12:00:00', '2013-11-07 13:30:00', 239, 15, '2013-11-07 12:00:00', '2013-11-07 14:00:00', 'U'),
	(398, 235, '2014-02-24 13:22:18', 240, 9, '2014-02-24 13:00:00', '2014-02-24 14:00:00', NULL, NULL, NULL, NULL, 'I'),
	(399, 240, '2014-02-24 13:22:46', 240, 9, '2014-02-24 13:00:00', '2014-02-24 14:00:00', 240, 9, '2014-02-24 13:00:00', '2014-02-24 14:00:00', 'U'),
	(400, 240, '2014-02-24 13:22:58', 240, 9, '2014-02-24 13:00:00', '2014-02-24 14:35:00', 240, 9, '2014-02-24 13:00:00', '2014-02-24 14:35:00', 'U'),
	(401, 240, '2014-02-24 13:23:03', 240, 9, '2014-02-24 13:00:00', '2014-02-24 14:35:00', 240, 9, '2014-02-24 13:00:00', '2014-02-24 14:35:00', 'U'),
	(402, 240, '2014-02-24 13:23:11', 240, 9, '2014-02-24 13:00:00', '2014-02-24 11:35:00', 240, 9, '2014-02-24 13:00:00', '2014-02-24 11:35:00', 'U'),
	(403, 235, '2014-02-24 14:03:48', 240, 9, '2014-02-24 13:00:00', '2014-02-24 11:35:00', 240, 9, '2014-02-24 13:00:00', '2014-02-24 14:05:00', 'U'),
	(404, 235, '2014-02-24 14:03:52', 240, 9, '2014-02-24 13:00:00', '2014-02-24 14:05:00', 240, 9, '2014-02-24 15:30:00', '2014-02-24 20:00:00', 'U'),
	(405, 235, '2014-02-24 14:03:53', 240, 9, '2014-02-24 15:30:00', '2014-02-24 20:00:00', 240, 9, '2014-02-24 10:30:00', '2014-02-24 15:00:00', 'U'),
	(406, 235, '2014-02-24 14:03:59', 240, 9, '2014-02-24 10:30:00', '2014-02-24 15:00:00', 235, 9, '2014-02-24 10:30:00', '2014-02-24 10:30:00', 'R'),
	(407, 235, '2014-02-24 14:04:54', 240, 9, '2014-02-24 13:30:00', '2014-02-24 17:30:00', NULL, NULL, NULL, NULL, 'I'),
	(408, 235, '2014-02-24 14:05:15', 240, 9, '2014-02-24 13:30:00', '2014-02-24 17:30:00', 235, 9, '2014-02-24 13:30:00', '2014-02-24 17:30:00', 'U'),
	(409, 235, '2014-02-24 14:05:45', 240, 9, '2014-02-24 13:30:00', '2014-02-24 17:30:00', 235, 9, '2014-02-24 13:30:00', '2014-02-24 13:30:00', 'R'),
	(410, 235, '2014-02-24 14:06:28', 242, 17, '2014-02-24 13:30:00', '2014-02-24 14:30:00', NULL, NULL, NULL, NULL, 'I'),
	(411, 235, '2014-02-24 14:06:31', 242, 17, '2014-02-24 13:30:00', '2014-02-24 14:30:00', 240, 17, '2014-02-24 13:30:00', '2014-02-24 14:30:00', 'U'),
	(412, 235, '2014-02-24 14:06:37', 240, 17, '2014-02-24 13:30:00', '2014-02-24 14:30:00', 242, 17, '2014-02-24 13:00:00', '2014-02-24 14:00:00', 'U'),
	(413, 235, '2014-02-24 14:06:39', 242, 17, '2014-02-24 13:00:00', '2014-02-24 14:00:00', 242, 17, '2014-02-24 14:00:00', '2014-02-24 15:00:00', 'U'),
	(414, 235, '2014-02-24 14:06:43', 242, 17, '2014-02-24 14:00:00', '2014-02-24 15:00:00', 240, 17, '2014-02-24 12:00:00', '2014-02-24 13:00:00', 'U'),
	(415, 235, '2014-02-24 14:18:34', 240, 17, '2014-02-24 12:00:00', '2014-02-24 13:00:00', 240, 17, '2014-02-24 13:00:00', '2014-02-24 14:00:00', 'U'),
	(416, 235, '2014-02-24 14:18:43', 240, 17, '2014-02-24 13:00:00', '2014-02-24 14:00:00', 240, 17, '2014-02-24 14:00:00', '2014-02-24 15:00:00', 'U'),
	(417, 235, '2014-02-24 14:21:00', 240, 17, '2014-02-24 14:00:00', '2014-02-24 15:00:00', 240, 17, '2014-02-24 13:00:00', '2014-02-24 14:00:00', 'U'),
	(418, 235, '2014-02-24 14:21:17', 240, 17, '2014-02-24 13:00:00', '2014-02-24 14:00:00', 240, 17, '2014-02-24 14:30:00', '2014-02-24 15:30:00', 'U'),
	(419, 240, '2014-02-24 14:21:58', 240, 17, '2014-02-24 12:30:00', '2014-02-24 15:30:00', 240, 17, '2014-02-24 12:30:00', '2014-02-24 15:30:00', 'U'),
	(420, 240, '2014-02-24 14:22:37', 240, 17, '2014-02-24 12:30:00', '2014-02-24 15:30:00', 240, 17, '2014-02-24 12:30:00', '2014-02-24 15:30:00', 'U'),
	(421, 240, '2014-02-24 14:22:55', 242, 17, '2014-02-24 12:30:00', '2014-02-24 15:30:00', 240, 17, '2014-02-24 12:30:00', '2014-02-24 15:30:00', 'U'),
	(422, 240, '2014-02-27 16:36:07', 240, 17, '2014-02-24 12:30:00', '2014-02-24 15:30:00', 240, 17, '2014-02-24 12:30:00', '2014-02-24 15:30:00', 'U'),
	(423, 240, '2014-02-27 16:36:29', 240, 17, '2014-02-24 12:30:00', '2014-02-24 15:30:00', 240, 9, '2014-02-24 12:30:00', '2014-02-24 15:30:00', 'U'),
	(424, 240, '2014-02-27 16:36:53', 240, 9, '2014-02-24 12:30:00', '2014-02-24 15:30:00', 240, 9, '2014-02-24 12:30:00', '2014-02-24 15:30:00', 'U'),
	(425, 235, '2014-02-27 16:39:12', 243, 9, '2014-02-24 12:30:00', '2014-02-24 15:30:00', 240, 9, '2014-02-24 14:00:00', '2014-02-24 17:00:00', 'U'),
	(426, 235, '2014-02-27 16:39:14', 240, 9, '2014-02-24 14:00:00', '2014-02-24 17:00:00', 240, 9, '2014-02-24 12:00:00', '2014-02-24 15:00:00', 'U'),
	(427, 235, '2014-02-27 16:39:18', 240, 9, '2014-02-24 12:00:00', '2014-02-24 15:00:00', 240, 9, '2014-02-24 12:00:00', '2014-02-24 13:30:00', 'U'),
	(428, 235, '2014-02-27 16:39:20', 240, 9, '2014-02-24 12:00:00', '2014-02-24 13:30:00', 240, 9, '2014-02-24 11:00:00', '2014-02-24 12:30:00', 'U'),
	(429, 235, '2014-02-27 16:39:22', 240, 9, '2014-02-24 11:00:00', '2014-02-24 12:30:00', 240, 9, '2014-02-24 11:00:00', '2014-02-24 13:30:00', 'U'),
	(430, 241, '2014-02-28 12:27:17', 240, 9, '2014-02-24 11:00:00', '2014-02-24 13:30:00', 241, 12, '2014-02-24 11:00:00', '2014-02-24 13:30:00', 'U'),
	(431, 241, '2014-02-28 12:48:43', 241, 12, '2014-02-24 11:00:00', '2014-02-24 13:30:00', 241, 9, '2014-02-24 11:00:00', '2014-02-24 13:30:00', 'U'),
	(432, 235, '2014-03-11 09:37:38', 240, 0, '2014-03-11 09:30:00', '2014-03-11 11:30:00', NULL, NULL, NULL, NULL, 'I'),
	(433, 235, '2014-03-11 09:38:07', 240, 0, '2014-03-11 13:00:00', '2014-03-11 13:30:00', NULL, NULL, NULL, NULL, 'I'),
	(434, 235, '2014-03-11 09:39:46', 240, 0, '2014-03-11 14:00:00', '2014-03-11 17:30:00', NULL, NULL, NULL, NULL, 'I'),
	(435, 235, '2014-03-11 09:42:46', 240, 8, '2014-03-11 09:00:00', '2014-03-11 19:00:00', NULL, NULL, NULL, NULL, 'I'),
	(436, 240, '2014-03-11 09:43:14', 240, 8, '2014-03-11 09:00:00', '2014-03-11 19:00:00', 240, 0, '2014-03-11 09:00:00', '2014-03-11 19:00:00', 'U'),
	(437, 239, '2014-03-11 09:51:57', 239, 0, '2014-03-11 09:00:00', '2014-03-11 19:00:00', NULL, NULL, NULL, NULL, 'I'),
	(438, 239, '2014-03-11 09:52:20', 239, 0, '2014-03-11 09:00:00', '2014-03-11 19:00:00', 239, 0, '2014-03-11 09:00:00', '2014-03-11 16:00:00', 'U'),
	(439, 239, '2014-03-11 09:52:28', 239, 0, '2014-03-11 09:00:00', '2014-03-11 16:00:00', 239, 0, '2014-03-11 09:00:00', '2014-03-11 16:00:00', 'U'),
	(440, 239, '2014-03-11 09:53:25', 239, 0, '2014-03-11 09:00:00', '2014-03-11 16:00:00', 239, 0, '2014-03-11 09:00:00', '2014-03-11 16:00:00', 'U'),
	(441, 239, '2014-03-11 09:53:38', 239, 0, '2014-03-11 09:00:00', '2014-03-11 16:00:00', 239, 0, '2014-03-11 09:00:00', '2014-03-11 16:00:00', 'U'),
	(442, 235, '2014-03-17 12:02:01', 240, 8, '2014-03-17 13:00:00', '2014-03-17 14:00:00', NULL, NULL, NULL, NULL, 'I'),
	(443, 235, '2014-04-08 15:05:38', 240, 0, '2014-04-08 02:00:00', '2014-04-08 01:00:00', NULL, NULL, NULL, NULL, 'I'),
	(444, 235, '2014-04-08 15:08:44', 240, 0, '2014-04-08 02:30:00', '2014-04-08 03:30:00', NULL, NULL, NULL, NULL, 'I'),
	(445, 235, '2014-04-08 15:08:48', 240, 0, '2014-04-08 03:30:00', '2014-04-08 04:30:00', NULL, NULL, NULL, NULL, 'I'),
	(446, 235, '2014-04-08 15:08:50', 240, 0, '2014-04-08 02:30:00', '2014-04-08 03:30:00', 240, 0, '2014-04-08 02:30:00', '2014-04-08 04:00:00', 'U'),
	(447, 235, '2014-04-08 15:08:52', 240, 0, '2014-04-08 03:30:00', '2014-04-08 04:30:00', 240, 0, '2014-04-08 02:00:00', '2014-04-08 03:00:00', 'U'),
	(448, 235, '2014-04-08 15:08:53', 240, 0, '2014-04-08 02:00:00', '2014-04-08 03:00:00', 240, 0, '2014-04-08 01:00:00', '2014-04-08 02:00:00', 'U'),
	(449, 235, '2014-04-08 15:08:54', 240, 0, '2014-04-08 01:00:00', '2014-04-08 02:00:00', 240, 0, '2014-04-08 01:30:00', '2014-04-08 02:30:00', 'U'),
	(450, 235, '2014-04-08 15:08:55', 240, 0, '2014-04-08 01:30:00', '2014-04-08 02:30:00', 240, 0, '2014-04-08 00:30:00', '2014-04-08 01:30:00', 'U'),
	(451, 235, '2014-04-08 15:08:57', 240, 0, '2014-04-08 00:30:00', '2014-04-08 01:30:00', 240, 0, '2014-04-08 00:30:00', '2014-04-08 05:00:00', 'U'),
	(452, 235, '2014-04-08 15:09:03', 240, 0, '2014-04-08 02:30:00', '2014-04-08 04:00:00', 240, 0, '2014-04-08 02:00:00', '2014-04-08 03:30:00', 'U'),
	(453, 235, '2014-04-08 15:09:04', 240, 0, '2014-04-08 02:00:00', '2014-04-08 03:30:00', 240, 0, '2014-04-08 02:30:00', '2014-04-08 04:00:00', 'U'),
	(454, 235, '2014-04-08 15:09:06', 240, 0, '2014-04-08 00:30:00', '2014-04-08 05:00:00', 235, 0, '2014-04-08 00:30:00', '2014-04-08 05:00:00', 'U'),
	(455, 235, '2014-04-08 15:09:09', 240, 0, '2014-04-08 02:30:00', '2014-04-08 04:00:00', 235, 0, '2014-04-08 02:30:00', '2014-04-08 04:00:00', 'U'),
	(456, 235, '2014-04-08 15:09:13', 240, 0, '2014-04-08 00:30:00', '2014-04-08 05:00:00', 235, 0, '2014-04-08 00:30:00', '2014-04-08 05:00:00', 'U'),
	(457, 235, '2014-04-08 15:09:17', 240, 0, '2014-04-08 02:30:00', '2014-04-08 04:00:00', 240, 0, '2014-04-08 03:00:00', '2014-04-08 04:30:00', 'U'),
	(458, 235, '2014-04-08 15:09:18', 240, 0, '2014-04-08 03:00:00', '2014-04-08 04:30:00', 240, 0, '2014-04-08 02:30:00', '2014-04-08 04:00:00', 'U'),
	(459, 235, '2014-04-08 15:09:19', 240, 0, '2014-04-08 02:30:00', '2014-04-08 04:00:00', 240, 0, '2014-04-08 00:00:00', '2014-04-08 01:30:00', 'U'),
	(460, 235, '2014-04-08 15:09:20', 240, 0, '2014-04-08 00:00:00', '2014-04-08 01:30:00', 240, 0, '2014-04-07 23:30:00', '2014-04-08 01:00:00', 'U'),
	(461, 235, '2014-04-08 15:09:21', 240, 0, '2014-04-07 23:30:00', '2014-04-08 01:00:00', 240, 0, '2014-04-08 00:30:00', '2014-04-08 02:00:00', 'U'),
	(462, 235, '2014-04-08 15:09:23', 240, 0, '2014-04-08 00:30:00', '2014-04-08 02:00:00', 240, 0, '2014-04-08 01:00:00', '2014-04-08 02:30:00', 'U'),
	(463, 235, '2014-04-08 15:09:44', 240, 0, '2014-04-08 01:00:00', '2014-04-08 02:30:00', 235, 0, '2014-04-08 01:00:00', '2014-04-08 02:30:00', 'U'),
	(464, 235, '2014-04-08 15:09:47', 240, 0, '2014-04-08 01:00:00', '2014-04-08 02:30:00', 240, 0, '2014-04-08 01:00:00', '2014-04-08 02:30:00', 'U'),
	(465, 235, '2014-04-08 15:09:48', 240, 0, '2014-04-08 01:00:00', '2014-04-08 02:30:00', 240, 0, '2014-04-07 23:00:00', '2014-04-08 00:30:00', 'U'),
	(466, 235, '2014-04-08 15:09:49', 240, 0, '2014-04-08 00:30:00', '2014-04-08 05:00:00', 240, 0, '2014-04-08 00:00:00', '2014-04-08 04:30:00', 'U'),
	(467, 235, '2014-04-08 15:09:51', 240, 0, '2014-04-07 23:00:00', '2014-04-08 00:30:00', 240, 0, '2014-04-08 02:30:00', '2014-04-08 04:00:00', 'U'),
	(468, 235, '2014-04-08 15:10:08', 240, 0, '2014-04-08 02:30:00', '2014-04-08 04:00:00', 235, 8, '2014-04-08 02:30:00', '2014-04-08 04:00:00', 'U'),
	(469, 235, '2014-04-08 15:10:22', 240, 8, '2014-04-08 02:30:00', '2014-04-08 04:00:00', 240, 8, '2014-04-08 03:30:00', '2014-04-08 05:00:00', 'U'),
	(470, 235, '2014-04-08 15:10:24', 240, 8, '2014-04-08 03:30:00', '2014-04-08 05:00:00', 240, 8, '2014-04-08 04:30:00', '2014-04-08 06:00:00', 'U'),
	(471, 235, '2014-04-08 15:10:25', 240, 8, '2014-04-08 04:30:00', '2014-04-08 06:00:00', 240, 8, '2014-04-08 04:30:00', '2014-04-08 06:00:00', 'U'),
	(472, 235, '2014-04-08 15:10:31', 240, 0, '2014-04-08 00:00:00', '2014-04-08 04:30:00', 235, 8, '2014-04-08 00:00:00', '2014-04-08 04:30:00', 'U'),
	(473, 235, '2014-04-08 15:32:00', 240, 8, '2014-04-08 12:00:00', '2014-04-08 13:00:00', NULL, NULL, NULL, NULL, 'I'),
	(474, 235, '2014-04-08 15:32:04', 240, 8, '2014-04-08 13:30:00', '2014-04-08 14:30:00', NULL, NULL, NULL, NULL, 'I'),
	(475, 235, '2014-04-08 15:36:10', 240, 8, '2014-04-08 04:30:00', '2014-04-08 06:00:00', 240, 8, '2014-04-08 06:00:00', '2014-04-08 07:30:00', 'U'),
	(476, 235, '2014-04-08 15:38:40', 240, 8, '2014-04-08 00:00:00', '2014-04-08 04:30:00', 240, 8, '2014-04-08 00:30:00', '2014-04-08 05:00:00', 'U'),
	(477, 235, '2014-04-08 15:38:42', 240, 8, '2014-04-08 00:30:00', '2014-04-08 05:00:00', 240, 8, '2014-04-08 01:00:00', '2014-04-08 05:30:00', 'U'),
	(478, 235, '2014-04-08 15:38:44', 240, 8, '2014-04-08 01:00:00', '2014-04-08 05:30:00', 240, 8, '2014-04-08 01:00:00', '2014-04-08 03:30:00', 'U'),
	(479, 235, '2014-04-08 15:38:55', 240, 8, '2014-04-08 01:00:00', '2014-04-08 03:30:00', 240, 8, '2014-04-08 01:00:00', '2014-04-08 03:00:00', 'U'),
	(480, 235, '2014-04-08 15:39:02', 240, 8, '2014-04-08 12:00:00', '2014-04-08 13:00:00', 240, 8, '2014-04-08 12:00:00', '2014-04-08 13:30:00', 'U'),
	(481, 235, '2014-04-08 15:39:08', 240, 8, '2014-04-08 01:00:00', '2014-04-08 03:00:00', 240, 8, '2014-04-08 01:00:00', '2014-04-08 03:30:00', 'U'),
	(482, 235, '2014-04-08 15:39:17', 240, 8, '2014-04-08 06:00:00', '2014-04-08 07:30:00', 240, 8, '2014-04-08 06:00:00', '2014-04-08 10:30:00', 'U'),
	(483, 235, '2014-04-08 15:39:35', 240, 8, '2014-04-08 06:00:00', '2014-04-08 10:30:00', 240, 8, '2014-04-08 06:00:00', '2014-04-08 08:00:00', 'U'),
	(484, 235, '2014-04-08 15:40:24', 240, 0, '2014-04-08 04:00:00', '2014-04-08 05:00:00', NULL, NULL, NULL, NULL, 'I'),
	(485, 235, '2014-04-08 15:40:25', 240, 0, '2014-04-08 04:00:00', '2014-04-08 05:00:00', NULL, NULL, NULL, NULL, 'I'),
	(486, 235, '2014-04-08 15:40:34', 240, 0, '2014-04-08 04:00:00', '2014-04-08 05:00:00', 235, 9, '2014-04-08 04:00:00', '2014-04-08 05:00:00', 'U'),
	(487, 235, '2014-04-08 15:41:02', 244, 8, '2014-04-08 04:00:00', '2014-04-08 05:00:00', NULL, NULL, NULL, NULL, 'I'),
	(488, 235, '2014-04-08 15:41:14', 240, 9, '2014-04-08 04:00:00', '2014-04-08 05:00:00', 235, 9, '2014-04-08 04:00:00', '2014-04-08 05:00:00', 'U'),
	(489, 235, '2014-04-08 15:41:24', 240, 8, '2014-04-08 01:00:00', '2014-04-08 03:30:00', 235, 0, '2014-04-08 01:00:00', '2014-04-08 03:30:00', 'U'),
	(503, 246, '2014-04-30 11:04:21', 240, 18, '2014-04-30 09:00:00', '2014-04-30 19:00:00', NULL, NULL, NULL, NULL, 'I'),
	(491, 235, '2014-04-08 15:41:36', 240, 8, '2014-04-08 06:00:00', '2014-04-08 08:00:00', 235, 8, '2014-04-08 06:00:00', '2014-04-08 06:00:00', 'R'),
	(492, 235, '2014-04-08 15:41:41', 240, 8, '2014-04-08 12:00:00', '2014-04-08 13:30:00', 235, 8, '2014-04-08 12:00:00', '2014-04-08 12:00:00', 'R'),
	(493, 235, '2014-04-08 15:41:43', 240, 8, '2014-04-08 13:30:00', '2014-04-08 14:30:00', 235, 8, '2014-04-08 13:30:00', '2014-04-08 13:30:00', 'R'),
	(494, 235, '2014-04-08 15:41:56', 240, 0, '2014-04-08 01:00:00', '2014-04-08 03:30:00', 235, 0, '2014-04-08 01:00:00', '2014-04-08 01:00:00', 'R'),
	(495, 235, '2014-04-09 11:32:26', 240, 8, '2014-04-09 13:00:00', '2014-04-09 14:00:00', NULL, NULL, NULL, NULL, 'I'),
	(496, 235, '2014-04-09 11:54:12', 240, 8, '2014-04-09 13:00:00', '2014-04-09 14:00:00', 240, 8, '2014-04-09 15:00:00', '2014-04-09 16:00:00', 'U'),
	(497, 235, '2014-04-09 11:54:14', 240, 8, '2014-04-09 15:00:00', '2014-04-09 16:00:00', 240, 8, '2014-04-09 13:00:00', '2014-04-09 14:00:00', 'U'),
	(498, 235, '2014-04-09 11:54:15', 240, 8, '2014-04-09 13:00:00', '2014-04-09 14:00:00', 240, 8, '2014-04-09 11:30:00', '2014-04-09 12:30:00', 'U'),
	(499, 235, '2014-04-09 11:54:16', 240, 8, '2014-04-09 11:30:00', '2014-04-09 12:30:00', 240, 8, '2014-04-09 12:30:00', '2014-04-09 13:30:00', 'U'),
	(500, 235, '2014-04-09 11:54:18', 240, 8, '2014-04-09 12:30:00', '2014-04-09 13:30:00', 240, 9, '2014-04-09 12:00:00', '2014-04-09 13:00:00', 'U'),
	(501, 235, '2014-04-09 11:54:19', 240, 9, '2014-04-09 12:00:00', '2014-04-09 13:00:00', 240, 8, '2014-04-09 12:00:00', '2014-04-09 13:00:00', 'U'),
	(502, 246, '2014-04-11 12:47:40', 240, 8, '2014-04-09 12:00:00', '2014-04-09 13:00:00', 240, 8, '2014-04-09 12:00:00', '2014-04-09 17:00:00', 'U'),
	(504, 246, '2014-04-30 11:06:38', 243, 8, '2014-04-30 10:00:00', '2014-04-30 11:00:00', NULL, NULL, NULL, NULL, 'I'),
	(505, 246, '2014-04-30 11:07:06', 243, 8, '2014-04-30 10:00:00', '2014-04-30 11:00:00', 243, 8, '2014-04-30 10:00:00', '2014-04-30 14:30:00', 'U'),
	(506, 246, '2014-04-30 11:07:11', 243, 8, '2014-04-30 10:00:00', '2014-04-30 14:30:00', 243, 8, '2014-04-30 10:00:00', '2014-04-30 10:30:00', 'U'),
	(507, 246, '2014-04-30 11:07:14', 243, 8, '2014-04-30 10:00:00', '2014-04-30 10:30:00', 243, 8, '2014-04-30 10:00:00', '2014-04-30 11:00:00', 'U'),
	(508, 246, '2014-04-30 11:07:19', 243, 8, '2014-04-30 10:00:00', '2014-04-30 11:00:00', 243, 8, '2014-04-30 10:00:00', '2014-04-30 12:00:00', 'U'),
	(509, 246, '2014-04-30 11:09:11', 243, 8, '2014-04-30 10:00:00', '2014-04-30 12:00:00', 243, 8, '2014-04-30 10:00:00', '2014-04-30 10:30:00', 'U'),
	(510, 246, '2014-04-30 11:09:14', 243, 8, '2014-04-30 10:00:00', '2014-04-30 10:30:00', 243, 8, '2014-04-30 10:00:00', '2014-04-30 11:00:00', 'U'),
	(511, 246, '2014-04-30 11:09:30', 243, 8, '2014-04-30 10:00:00', '2014-04-30 11:00:00', 246, 8, '2014-04-30 10:00:00', '2014-04-30 11:00:00', 'U'),
	(512, 246, '2014-04-30 11:10:38', 243, 8, '2014-04-30 10:00:00', '2014-04-30 11:00:00', 246, 8, '2014-04-30 10:00:00', '2014-04-30 10:00:00', 'R'),
	(513, 246, '2014-04-30 12:44:19', 243, 9, '2014-04-30 10:00:00', '2014-04-30 11:00:00', NULL, NULL, NULL, NULL, 'I'),
	(514, 246, '2014-04-30 12:46:14', 243, 9, '2014-04-30 10:00:00', '2014-04-30 11:00:00', 246, 9, '2014-04-30 10:00:00', '2014-04-30 11:00:00', 'U'),
	(515, 246, '2014-04-30 12:46:22', 243, 9, '2014-04-30 10:00:00', '2014-04-30 11:00:00', 243, 9, '2014-04-30 10:00:00', '2014-04-30 19:00:00', 'U'),
	(516, 246, '2014-04-30 12:46:26', 243, 9, '2014-04-30 10:00:00', '2014-04-30 19:00:00', 243, 9, '2014-04-30 10:00:00', '2014-04-30 10:00:00', 'U'),
	(517, 247, '2014-05-02 11:01:05', 242, 13, '2014-05-02 10:00:00', '2014-05-02 11:00:00', NULL, NULL, NULL, NULL, 'I'),
	(518, 247, '2014-05-02 11:01:13', 242, 13, '2014-05-02 10:00:00', '2014-05-02 11:00:00', 247, 13, '2014-05-02 10:00:00', '2014-05-02 11:00:00', 'U'),
	(519, 247, '2014-05-02 11:01:30', 242, 13, '2014-05-02 10:00:00', '2014-05-02 11:00:00', 247, 13, '2014-05-02 10:00:00', '2014-05-02 11:00:00', 'U'),
	(520, 247, '2014-05-02 11:01:50', 242, 13, '2014-05-02 10:00:00', '2014-05-02 11:00:00', 247, 13, '2014-05-02 10:00:00', '2014-05-02 11:00:00', 'U'),
	(521, 247, '2014-05-02 11:01:57', 242, 13, '2014-05-02 10:00:00', '2014-05-02 11:00:00', 242, 13, '2014-05-02 10:00:00', '2014-05-02 13:30:00', 'U'),
	(522, 247, '2014-05-02 11:02:50', 242, 13, '2014-05-02 10:00:00', '2014-05-02 13:30:00', 247, 13, '2014-05-02 10:00:00', '2014-05-02 10:00:00', 'R'),
	(523, 247, '2014-07-09 15:36:41', 244, 14, '2014-07-09 10:00:00', '2014-07-09 11:00:00', NULL, NULL, NULL, NULL, 'I'),
	(524, 247, '2014-07-09 15:38:57', 244, 14, '2014-07-14 10:00:00', '2014-07-14 11:00:00', 247, 14, '2014-07-14 10:00:00', '2014-07-14 11:00:00', 'U'),
	(525, 247, '2014-07-09 15:39:55', 244, 14, '2014-07-14 10:00:00', '2014-07-14 11:00:00', 247, 14, '2014-07-14 10:00:00', '2014-07-14 11:00:00', 'U'),
	(526, 247, '2014-07-09 15:40:28', 244, 14, '2014-07-14 10:00:00', '2014-07-14 11:00:00', 247, 14, '2014-07-14 10:00:00', '2014-07-14 11:00:00', 'U'),
	(527, 252, '2014-07-09 16:20:48', 243, 9, '2014-07-15 17:00:00', '2014-07-15 18:00:00', NULL, NULL, NULL, NULL, 'I'),
	(528, 252, '2014-07-09 16:29:53', 243, 9, '2014-07-15 13:00:00', '2014-07-15 14:00:00', NULL, NULL, NULL, NULL, 'I'),
	(529, 252, '2014-07-10 10:08:31', 243, 9, '2014-07-15 17:00:00', '2014-07-15 18:00:00', 252, 9, '2014-07-15 17:00:00', '2014-07-15 18:00:00', 'U'),
	(530, 245, '2014-07-10 10:26:11', 240, 8, '2014-07-14 10:00:00', '2014-07-14 11:00:00', NULL, NULL, NULL, NULL, 'I'),
	(531, 245, '2014-07-10 10:33:33', 240, 19, '2014-07-14 12:00:00', '2014-07-14 13:00:00', NULL, NULL, NULL, NULL, 'I'),
	(532, 246, '2014-07-10 10:35:14', 243, 9, '2014-07-15 15:30:00', '2014-07-15 17:00:00', NULL, NULL, NULL, NULL, 'I'),
	(533, 246, '2014-07-10 10:45:01', 241, 12, '2014-07-10 10:00:00', '2014-07-25 18:00:00', NULL, NULL, NULL, NULL, 'I'),
	(534, 246, '2014-07-10 12:28:26', 243, 9, '2014-07-10 11:00:00', '2014-07-10 12:00:00', NULL, NULL, NULL, NULL, 'I'),
	(535, 239, '2014-07-10 12:53:16', 239, 15, '2014-07-15 09:00:00', '2014-07-18 19:00:00', NULL, NULL, NULL, NULL, 'I'),
	(536, 239, '2014-07-10 12:54:26', 239, 15, '2014-07-15 09:00:00', '2014-07-18 19:00:00', 239, 15, '2014-07-15 09:00:00', '2014-07-18 19:00:00', 'U'),
	(537, 246, '2014-07-10 14:22:02', 242, 17, '2014-07-10 10:00:00', '2014-07-10 16:00:00', NULL, NULL, NULL, NULL, 'I'),
	(538, 252, '2014-07-10 16:22:34', 240, 8, '2014-07-14 16:30:00', '2014-07-14 17:30:00', NULL, NULL, NULL, NULL, 'I'),
	(539, 252, '2014-07-10 16:22:56', 240, 8, '2014-07-14 16:30:00', '2014-07-14 17:30:00', 252, 8, '2014-07-14 16:30:00', '2014-07-14 17:30:00', 'U'),
	(540, 245, '2014-07-10 16:53:00', 240, 8, '2014-07-14 10:00:00', '2014-07-14 11:00:00', 245, 8, '2014-07-14 10:00:00', '2014-07-14 11:00:00', 'U'),
	(541, 245, '2014-07-10 16:54:41', 240, 8, '2014-07-14 10:00:00', '2014-07-14 11:00:00', 240, 8, '2014-07-14 10:00:00', '2014-07-14 11:30:00', 'U'),
	(542, 246, '2014-07-10 16:54:53', 242, 17, '2014-07-16 10:00:00', '2014-07-16 16:00:00', 246, 17, '2014-07-16 10:00:00', '2014-07-16 16:00:00', 'U'),
	(543, 245, '2014-07-10 16:55:12', 240, 8, '2014-07-14 10:00:00', '2014-07-14 11:30:00', 240, 8, '2014-07-14 10:00:00', '2014-07-14 11:00:00', 'U'),
	(544, 239, '2014-07-10 16:58:58', 239, 15, '2014-07-10 11:00:00', '2014-07-10 12:00:00', NULL, NULL, NULL, NULL, 'I'),
	(545, 239, '2014-07-10 16:59:52', 239, 15, '2014-07-10 11:00:00', '2014-07-10 12:00:00', 239, 15, '2014-07-10 11:00:00', '2014-07-10 15:00:00', 'U'),
	(546, 239, '2014-07-10 17:01:31', 239, 15, '2014-07-10 11:00:00', '2014-07-10 15:00:00', 239, 15, '2014-07-10 11:00:00', '2014-07-10 14:00:00', 'U'),
	(547, 239, '2014-07-10 17:01:34', 239, 15, '2014-07-10 11:00:00', '2014-07-10 14:00:00', 239, 15, '2014-07-10 11:00:00', '2014-07-10 13:30:00', 'U'),
	(548, 239, '2014-07-10 17:01:52', 239, 15, '2014-07-10 11:00:00', '2014-07-10 13:00:00', 239, 15, '2014-07-10 11:00:00', '2014-07-10 13:00:00', 'U'),
	(549, 239, '2014-07-10 17:04:06', 239, 15, '2014-07-10 11:00:00', '2014-07-10 13:00:00', 239, 15, '2014-07-10 11:00:00', '2014-07-10 11:30:00', 'U'),
	(550, 239, '2014-07-10 17:04:12', 239, 15, '2014-07-10 11:00:00', '2014-07-10 11:30:00', 239, 15, '2014-07-10 11:00:00', '2014-07-10 12:00:00', 'U'),
	(551, 239, '2014-07-10 17:05:48', 239, 15, '2014-07-10 11:00:00', '2014-07-10 12:00:00', 239, 15, '2014-07-10 11:00:00', '2014-07-10 11:30:00', 'U'),
	(552, 239, '2014-07-10 17:05:54', 239, 15, '2014-07-10 11:00:00', '2014-07-10 11:30:00', 239, 15, '2014-07-10 11:00:00', '2014-07-10 12:00:00', 'U'),
	(553, 239, '2014-07-10 17:06:09', 239, 15, '2014-07-10 11:00:00', '2014-07-10 12:00:00', 239, 15, '2014-07-10 11:00:00', '2014-07-10 11:30:00', 'U'),
	(554, 239, '2014-07-10 17:06:12', 239, 15, '2014-07-10 11:00:00', '2014-07-10 11:30:00', 239, 15, '2014-07-10 11:00:00', '2014-07-10 12:00:00', 'U'),
	(555, 239, '2014-07-10 17:06:41', 239, 15, '2014-07-10 11:00:00', '2014-07-10 12:00:00', 239, 15, '2014-07-10 11:00:00', '2014-07-10 11:30:00', 'U'),
	(556, 239, '2014-07-10 17:06:48', 239, 15, '2014-07-10 11:00:00', '2014-07-10 11:30:00', 239, 15, '2014-07-10 11:00:00', '2014-07-10 12:00:00', 'U'),
	(557, 239, '2014-07-10 17:06:52', 239, 15, '2014-07-10 11:00:00', '2014-07-10 12:00:00', 239, 15, '2014-07-10 11:00:00', '2014-07-10 12:30:00', 'U'),
	(558, 239, '2014-07-10 17:06:56', 239, 15, '2014-07-10 11:00:00', '2014-07-10 12:30:00', 239, 15, '2014-07-10 11:00:00', '2014-07-10 13:00:00', 'U'),
	(559, 239, '2014-07-10 17:06:58', 239, 15, '2014-07-10 11:00:00', '2014-07-10 13:00:00', 239, 15, '2014-07-10 11:00:00', '2014-07-10 13:30:00', 'U'),
	(560, 239, '2014-07-10 17:07:15', 239, 15, '2014-07-10 11:00:00', '2014-07-10 13:30:00', 239, 15, '2014-07-10 11:00:00', '2014-07-10 13:00:00', 'U'),
	(561, 235, '2014-07-10 17:47:31', 239, 15, '2014-07-10 11:00:00', '2014-07-10 13:00:00', 239, 15, '2014-07-10 09:30:00', '2014-07-10 11:30:00', 'U'),
	(562, 235, '2014-07-10 17:47:40', 239, 15, '2014-07-10 09:30:00', '2014-07-10 11:30:00', 239, 15, '2014-07-10 09:30:00', '2014-07-10 16:30:00', 'U');
/*!40000 ALTER TABLE `matinee_auditlog` ENABLE KEYS */;


-- Dumping structure for table matinee_calendar.matinee_booking
DROP TABLE IF EXISTS `matinee_booking`;
CREATE TABLE IF NOT EXISTS `matinee_booking` (
  `id` int(10) NOT NULL AUTO_INCREMENT,
  `createdby` int(10) NOT NULL,
  `createddate` datetime NOT NULL,
  `bookingstart` datetime NOT NULL,
  `bookingend` datetime NOT NULL,
  `summary` varchar(100) NOT NULL,
  `unclink` varchar(100) NOT NULL,
  `allday` varchar(1) NOT NULL,
  `notes` text NOT NULL,
  PRIMARY KEY (`id`),
  KEY `memberid` (`createdby`)
) ENGINE=MyISAM AUTO_INCREMENT=142 DEFAULT CHARSET=latin1 ROW_FORMAT=DYNAMIC;

-- Dumping data for table matinee_calendar.matinee_booking: 35 rows
/*!40000 ALTER TABLE `matinee_booking` DISABLE KEYS */;
REPLACE INTO `matinee_booking` (`id`, `createdby`, `createddate`, `bookingstart`, `bookingend`, `summary`, `unclink`, `allday`, `notes`) VALUES
	(95, 1, '2013-11-06 16:26:49', '2013-11-06 13:00:00', '2013-11-06 14:00:00', '', '', 'N', ''),
	(96, 1, '2013-11-06 16:27:21', '2013-11-06 14:00:00', '2013-11-06 15:00:00', 'f', 'f', 'N', 'ff'),
	(97, 233, '2013-11-06 16:34:14', '2013-11-06 12:00:00', '2013-11-06 13:00:00', '', '', 'N', ''),
	(98, 233, '2013-11-06 16:34:17', '2013-11-06 16:00:00', '2013-11-06 17:00:00', '', '', 'N', ''),
	(99, 233, '2013-11-06 16:39:21', '2013-11-06 11:30:00', '2013-11-06 12:30:00', '', '', 'N', ''),
	(100, 235, '2013-11-06 16:43:47', '2013-11-06 12:00:00', '2013-11-06 13:00:00', '', '', 'N', ''),
	(101, 235, '2013-11-06 16:43:49', '2013-11-06 15:00:00', '2013-11-06 16:00:00', '', '', 'N', ''),
	(102, 235, '2013-11-06 17:54:30', '2013-11-06 10:00:00', '2013-11-06 11:00:00', '', '', 'N', ''),
	(105, 235, '2013-11-07 10:33:01', '2013-11-07 09:00:00', '2013-11-07 19:00:00', 'Eating cheese', '', 'Y', 'nomnomnom'),
	(106, 235, '2013-11-07 13:09:37', '2013-11-07 12:00:00', '2013-11-07 14:00:00', '', '', 'N', ''),
	(111, 235, '2014-03-11 09:37:38', '2014-03-11 09:30:00', '2014-03-11 11:30:00', 'Recording a Voice Artist', '\\\\msv01\\Projects', 'N', 'Record script found in project folder.\nSave out as 44k 16bit wav'),
	(110, 235, '2014-02-24 14:06:28', '2014-02-24 11:00:00', '2014-02-24 13:30:00', 'Video Stuff', '\\\\ProjectLocation', 'N', 'Instructions\n'),
	(112, 235, '2014-03-11 09:38:07', '2014-03-11 13:00:00', '2014-03-11 13:30:00', 'Lunch', '', 'N', 'You get lunch as you are entitled to it'),
	(113, 235, '2014-03-11 09:39:46', '2014-03-11 14:00:00', '2014-03-11 17:30:00', 'Editing Recording', '\\\\msv01\\Projects', 'N', 'Edit and name files as per script provided\nZip and create public download link and send to PM'),
	(114, 235, '2014-03-11 09:42:46', '2014-03-11 09:00:00', '2014-03-11 19:00:00', '', '', 'Y', ''),
	(115, 239, '2014-03-11 09:51:57', '2014-03-11 09:00:00', '2014-03-11 16:00:00', '', '\\\\msv02\\', 'N', 'Some notes here'),
	(116, 235, '2014-03-17 12:02:01', '2014-03-17 13:00:00', '2014-03-17 14:00:00', 'Audio Recording', '\\\\msv01\\Projects\\Project Folder', 'N', 'Get scripts\nRecord session\nexport 16/44.1k wav'),
	(117, 235, '2014-04-08 15:05:38', '2014-04-08 02:00:00', '2014-04-08 01:00:00', '', '', 'N', ''),
	(125, 235, '2014-04-09 11:32:26', '2014-04-09 12:00:00', '2014-04-09 17:00:00', 'IVR Recording', '\\\\MSV01\\Project Files\\Project Folder', 'N', 'Set up studio\nMatch against MN 123151\nRecord Script\nOutput 16/44 wavs'),
	(122, 235, '2014-04-08 15:40:24', '2014-04-08 04:00:00', '2014-04-08 05:00:00', '', '', 'N', ''),
	(123, 235, '2014-04-08 15:40:25', '2014-04-08 04:00:00', '2014-04-08 05:00:00', '', '', 'N', ''),
	(126, 246, '2014-04-30 11:04:21', '2014-04-30 09:00:00', '2014-04-30 19:00:00', '', '', 'Y', ''),
	(128, 246, '2014-04-30 12:44:19', '2014-04-30 10:00:00', '2014-04-30 10:00:00', 'ivr ', '', 'N', 'dfsafsdfsdgdsgfs'),
	(130, 247, '2014-07-09 15:36:41', '2014-07-14 10:00:00', '2014-07-14 11:00:00', '12743 Xplanation - subtitle sync ', '\\\\MSV01\\Projects\\Current Projects\\Xplanation_12743_30-06-14\\7. Subtitles', 'N', 'Sync translated subtitles to video and encode video file for approval **Notes on style below** French and Dutch\n\nHe also told me to choose subtitles that are as close as possible as their existing video available here:\nhttp://www.ista.be/entreprise/ista_en_belgique/index.html.'),
	(131, 252, '2014-07-09 16:20:48', '2014-07-15 17:00:00', '2014-07-15 18:00:00', 'DAN/sy - 12773 E&Y voiceover amends', '', 'N', ''),
	(132, 252, '2014-07-09 16:29:53', '2014-07-15 13:00:00', '2014-07-15 14:00:00', '17406 - Agtel, Re-record of spanish v/a Marisol', '', 'N', ''),
	(133, 245, '2014-07-10 10:26:11', '2014-07-14 10:00:00', '2014-07-14 11:00:00', 'SC: Equiniti v/a Jan H 1 hour', '', 'N', ''),
	(134, 245, '2014-07-10 10:33:33', '2014-07-14 12:00:00', '2014-07-14 13:00:00', 'Equiniti edit', '', 'N', 'edit and output audio files for IVR use, 16/8k wav'),
	(135, 246, '2014-07-10 10:35:14', '2014-07-15 15:30:00', '2014-07-15 17:00:00', '12773 - E&Y amends, from MN: 12626', '\\\\MSV03\\Lionbridge\\Projects\\Lionbridge_12773_09-07-14\\1. Source Files', 'N', 'Amends/updates to project MN: 12626, need supply mp3 files for each slide as per the previous deliveries, male and female audio to edit'),
	(136, 246, '2014-07-10 10:45:01', '2014-07-10 10:00:00', '2014-07-25 18:00:00', '12612', '\\\\MSV03\\Lionbridge\\Projects\\Lionbridge_12612_28-05-14_Sizzle-Chilipepper', 'N', 'Integrate translated graphics / on-screen text and encode 1 x .mp4 file @ £300 per language x 32'),
	(137, 246, '2014-07-10 12:28:26', '2014-07-10 11:00:00', '2014-07-10 12:00:00', '12768 Lionbridge - v/a Rahil, greek', '\\\\MSV03\\Lionbridge\\Projects\\Lionbridge_12768_07-07-14', 'N', '1 x hour recording session with Greek v/a Rahil.\nrecording to picture session x 9 videos\n\n'),
	(138, 239, '2014-07-10 12:53:16', '2014-07-15 09:00:00', '2014-07-18 19:00:00', '12740 Vortex6 integrate audio with modules', '\\\\msv01\\projects\\Current Projects\\Vortex6_12740_27-06-14', 'Y', ''),
	(139, 246, '2014-07-10 14:22:02', '2014-07-16 10:00:00', '2014-07-16 16:00:00', '12678 Lionbridge - greek localisation work x 9 videos', '\\\\MSV03\\Lionbridge\\Projects\\Lionbridge_12768_07-07-14\\1. Source Files', 'N', 'OST transcripts are included in a zip folder within the main Source Files folder.\n\nMask out existing on-screen text and create animated template.  Import translations.  \n\nEncode 9 x videos in .mpg format.\n\nTitles of videos; located also in the project folder.\n1. How the normal heart works\n2. What goes wrong in heart failure\n3. How the heart and body adapt in heart failure\n4. How heart failure causes fluid accumulation\n5. How a heart attack can cause heart failure\n6. How abnormal heart valves can cause heart failure\n7. How ACE inhibitors work in heart failure\n8. How diuretics work in heart failure\n9. How medical devices work.\n '),
	(140, 252, '2014-07-10 16:22:34', '2014-07-14 16:30:00', '2014-07-14 17:30:00', 'Something Big, VO for corporate presentation recording', '', 'N', 'va Andrew G '),
	(141, 239, '2014-07-10 16:58:58', '2014-07-10 09:30:00', '2014-07-10 16:30:00', 'Testing', '', 'N', 'A test of live update');
/*!40000 ALTER TABLE `matinee_booking` ENABLE KEYS */;


-- Dumping structure for table matinee_calendar.matinee_documents
DROP TABLE IF EXISTS `matinee_documents`;
CREATE TABLE IF NOT EXISTS `matinee_documents` (
  `id` mediumint(8) unsigned NOT NULL AUTO_INCREMENT,
  `name` varchar(255) DEFAULT NULL,
  `filename` varchar(255) DEFAULT NULL,
  `mimetype` varchar(255) DEFAULT NULL,
  `size` int(11) DEFAULT NULL,
  `image` longblob,
  `createdby` int(11) DEFAULT NULL,
  `createddate` timestamp NULL DEFAULT NULL,
  `lastmodifiedby` int(11) DEFAULT NULL,
  `lastmodifieddate` timestamp NULL DEFAULT NULL,
  `sessionid` varchar(50) DEFAULT NULL,
  PRIMARY KEY (`id`)
) ENGINE=MyISAM DEFAULT CHARSET=latin1;

-- Dumping data for table matinee_calendar.matinee_documents: 0 rows
/*!40000 ALTER TABLE `matinee_documents` DISABLE KEYS */;
/*!40000 ALTER TABLE `matinee_documents` ENABLE KEYS */;


-- Dumping structure for table matinee_calendar.matinee_engineercalendar
DROP TABLE IF EXISTS `matinee_engineercalendar`;
CREATE TABLE IF NOT EXISTS `matinee_engineercalendar` (
  `id` int(10) NOT NULL AUTO_INCREMENT,
  `memberid` int(10) NOT NULL,
  `studioid` int(10) NOT NULL,
  `bookingid` int(10) NOT NULL,
  PRIMARY KEY (`id`),
  KEY `memberid` (`memberid`),
  KEY `studioid` (`studioid`)
) ENGINE=MyISAM AUTO_INCREMENT=140 DEFAULT CHARSET=latin1;

-- Dumping data for table matinee_calendar.matinee_engineercalendar: 47 rows
/*!40000 ALTER TABLE `matinee_engineercalendar` DISABLE KEYS */;
REPLACE INTO `matinee_engineercalendar` (`id`, `memberid`, `studioid`, `bookingid`) VALUES
	(93, 0, 1, 95),
	(94, 0, 1, 96),
	(95, 0, 1, 97),
	(96, 0, 1, 98),
	(97, 0, 1, 99),
	(98, 0, 1, 100),
	(99, 0, 1, 101),
	(100, 0, 1, 102),
	(101, 235, 6, 103),
	(102, 235, 3, 104),
	(103, 239, 0, 105),
	(104, 239, 15, 106),
	(105, 239, 19, 107),
	(106, 240, 9, 108),
	(107, 240, 9, 109),
	(108, 240, 9, 110),
	(109, 240, 0, 111),
	(110, 240, 0, 112),
	(111, 240, 0, 113),
	(112, 240, 0, 114),
	(113, 239, 0, 115),
	(114, 240, 8, 116),
	(115, 240, 0, 117),
	(116, 240, 8, 118),
	(117, 240, 0, 119),
	(118, 240, 8, 120),
	(119, 240, 8, 121),
	(120, 240, 0, 122),
	(121, 0, 9, 123),
	(122, 244, 8, 124),
	(123, 240, 8, 125),
	(124, 240, 18, 126),
	(125, 243, 8, 127),
	(126, 243, 9, 128),
	(127, 242, 13, 129),
	(128, 244, 14, 130),
	(129, 243, 9, 131),
	(130, 243, 9, 132),
	(131, 240, 8, 133),
	(132, 240, 19, 134),
	(133, 243, 9, 135),
	(134, 241, 12, 136),
	(135, 243, 9, 137),
	(136, 239, 15, 138),
	(137, 242, 17, 139),
	(138, 240, 8, 140),
	(139, 239, 15, 141);
/*!40000 ALTER TABLE `matinee_engineercalendar` ENABLE KEYS */;


-- Dumping structure for table matinee_calendar.matinee_errors
DROP TABLE IF EXISTS `matinee_errors`;
CREATE TABLE IF NOT EXISTS `matinee_errors` (
  `id` int(11) unsigned NOT NULL AUTO_INCREMENT,
  `pageid` int(11) DEFAULT NULL,
  `memberid` int(11) DEFAULT NULL,
  `description` text,
  `createddate` timestamp NULL DEFAULT CURRENT_TIMESTAMP,
  PRIMARY KEY (`id`)
) ENGINE=MyISAM AUTO_INCREMENT=21032 DEFAULT CHARSET=latin1;

-- Dumping data for table matinee_calendar.matinee_errors: 13 rows
/*!40000 ALTER TABLE `matinee_errors` DISABLE KEYS */;
REPLACE INTO `matinee_errors` (`id`, `pageid`, `memberid`, `description`, `createddate`) VALUES
	(21019, 1, 235, '[{"ok":1}]', '2014-02-24 14:03:59'),
	(21020, 1, 235, '[{"ok":1}]', '2014-02-24 14:05:45'),
	(21021, 1, 235, '[{"ok":1}]', '2014-04-08 15:41:34'),
	(21022, 1, 235, '[{"ok":1}]', '2014-04-08 15:41:34'),
	(21023, 1, 235, '[{"ok":1}]', '2014-04-08 15:41:36'),
	(21024, 1, 235, '[{"ok":1}]', '2014-04-08 15:41:41'),
	(21025, 1, 235, '[{"ok":1}]', '2014-04-08 15:41:43'),
	(21026, 1, 235, '[{"ok":1}]', '2014-04-08 15:41:56'),
	(21027, 1, 235, 'INSERT INTO matinee_booking (createdby, createddate, bookingstart, bookingend, summary, unclink, notes, allday) VALUES (235, NOW(), \'2014-02-19 12:89:00\', \'2014-02-19 11:00:00\', \'\', \'\', \'\', \'N\') - Incorrect datetime value: \'2014-02-19 12:89:00\' for column \'bookingstart\' at row 1', '2014-04-09 11:01:56'),
	(21028, 1, 235, 'INSERT INTO matinee_booking (createdby, createddate, bookingstart, bookingend, summary, unclink, notes, allday) VALUES (235, NOW(), \'2014-02-19 12:89:00\', \'2014-02-19 11:00:00\', \'\', \'\', \'\', \'N\') - Incorrect datetime value: \'2014-02-19 12:89:00\' for column \'bookingstart\' at row 1', '2014-04-09 11:01:59'),
	(21029, 3000, 246, '[{"ok":1}]', '2014-04-30 11:10:38'),
	(21030, 3000, 246, '[{"ok":1}]', '2014-04-30 12:47:44'),
	(21031, 3000, 247, '[{"ok":1}]', '2014-05-02 11:02:50');
/*!40000 ALTER TABLE `matinee_errors` ENABLE KEYS */;


-- Dumping structure for table matinee_calendar.matinee_filter
DROP TABLE IF EXISTS `matinee_filter`;
CREATE TABLE IF NOT EXISTS `matinee_filter` (
  `id` int(11) unsigned NOT NULL AUTO_INCREMENT,
  `memberid` int(11) NOT NULL,
  `pageid` int(11) NOT NULL,
  `description` varchar(60) NOT NULL,
  PRIMARY KEY (`id`)
) ENGINE=MyISAM DEFAULT CHARSET=latin1;

-- Dumping data for table matinee_calendar.matinee_filter: 0 rows
/*!40000 ALTER TABLE `matinee_filter` DISABLE KEYS */;
/*!40000 ALTER TABLE `matinee_filter` ENABLE KEYS */;


-- Dumping structure for table matinee_calendar.matinee_filterdata
DROP TABLE IF EXISTS `matinee_filterdata`;
CREATE TABLE IF NOT EXISTS `matinee_filterdata` (
  `id` int(11) unsigned NOT NULL AUTO_INCREMENT,
  `filterid` int(11) NOT NULL,
  `columnname` varchar(60) DEFAULT NULL,
  `value` text,
  PRIMARY KEY (`id`)
) ENGINE=MyISAM DEFAULT CHARSET=latin1;

-- Dumping data for table matinee_calendar.matinee_filterdata: 0 rows
/*!40000 ALTER TABLE `matinee_filterdata` DISABLE KEYS */;
/*!40000 ALTER TABLE `matinee_filterdata` ENABLE KEYS */;


-- Dumping structure for table matinee_calendar.matinee_images
DROP TABLE IF EXISTS `matinee_images`;
CREATE TABLE IF NOT EXISTS `matinee_images` (
  `id` mediumint(8) unsigned NOT NULL AUTO_INCREMENT,
  `path` char(255) DEFAULT '',
  `mimetype` char(50) DEFAULT '',
  `name` char(255) DEFAULT '',
  `imgwidth` smallint(4) DEFAULT '0',
  `imgheight` smallint(4) DEFAULT '0',
  `tag` char(255) DEFAULT '',
  `description` char(255) DEFAULT '',
  `fullpath` char(255) DEFAULT '',
  `image` longblob,
  `createddate` timestamp NULL DEFAULT NULL,
  PRIMARY KEY (`id`),
  KEY `ID` (`id`),
  FULLTEXT KEY `search_index` (`name`,`description`)
) ENGINE=MyISAM DEFAULT CHARSET=latin1;

-- Dumping data for table matinee_calendar.matinee_images: 0 rows
/*!40000 ALTER TABLE `matinee_images` DISABLE KEYS */;
/*!40000 ALTER TABLE `matinee_images` ENABLE KEYS */;


-- Dumping structure for table matinee_calendar.matinee_loginaudit
DROP TABLE IF EXISTS `matinee_loginaudit`;
CREATE TABLE IF NOT EXISTS `matinee_loginaudit` (
  `id` int(10) unsigned NOT NULL AUTO_INCREMENT,
  `memberid` int(10) unsigned NOT NULL,
  `timeon` datetime DEFAULT NULL,
  `timeoff` datetime DEFAULT NULL,
  PRIMARY KEY (`id`)
) ENGINE=MyISAM AUTO_INCREMENT=713 DEFAULT CHARSET=latin1;

-- Dumping data for table matinee_calendar.matinee_loginaudit: 163 rows
/*!40000 ALTER TABLE `matinee_loginaudit` DISABLE KEYS */;
REPLACE INTO `matinee_loginaudit` (`id`, `memberid`, `timeon`, `timeoff`) VALUES
	(550, 1, '2013-11-06 15:47:57', '2013-11-06 16:33:07'),
	(551, 233, '2013-11-06 16:33:33', '2013-11-06 16:43:17'),
	(552, 235, '2013-11-06 16:43:25', '2013-11-06 16:59:53'),
	(553, 235, '2013-11-06 16:59:55', '2013-11-06 17:00:07'),
	(554, 238, '2013-11-06 17:00:14', '2013-11-06 17:01:10'),
	(555, 235, '2013-11-06 17:01:12', '2013-11-06 17:02:07'),
	(556, 238, '2013-11-06 17:02:12', '2013-11-06 17:02:23'),
	(557, 235, '2013-11-06 17:02:24', '2013-11-06 17:54:39'),
	(558, 235, '2013-11-07 10:13:20', '2013-11-07 10:21:11'),
	(559, 235, '2013-11-07 10:21:13', '2013-11-07 10:39:36'),
	(560, 1, '2013-11-07 10:36:44', '2013-11-07 11:00:25'),
	(561, 235, '2013-11-07 10:39:38', '2013-11-07 10:39:41'),
	(562, 235, '2013-11-07 10:39:53', '2013-11-07 10:56:43'),
	(563, 1, '2013-11-07 10:57:06', '2013-11-07 10:57:06'),
	(564, 239, '2013-11-07 11:00:37', '2013-11-07 11:01:57'),
	(565, 235, '2013-11-07 12:45:08', '2013-11-07 13:24:13'),
	(566, 235, '2013-11-07 14:18:06', '2013-11-07 14:33:33'),
	(567, 239, '2013-11-07 14:19:35', '2013-11-07 15:11:07'),
	(568, 235, '2013-11-07 14:33:37', '2013-11-07 14:44:59'),
	(569, 235, '2013-11-07 14:45:00', '2013-11-07 14:52:34'),
	(570, 1, '2013-11-07 14:52:54', '2013-11-07 15:06:46'),
	(571, 1, '2013-11-07 15:07:02', '2013-11-07 15:22:14'),
	(572, 239, '2013-11-07 15:11:15', '2013-11-07 15:14:24'),
	(573, 1, '2013-11-07 15:22:27', '2013-11-07 15:23:11'),
	(574, 239, '2013-11-07 17:01:21', '2013-11-07 17:08:29'),
	(575, 1, '2013-11-07 17:03:33', '2013-11-07 17:04:24'),
	(576, 1, '2013-11-07 17:04:27', '2013-11-07 17:06:24'),
	(577, 1, '2013-11-07 17:06:26', '2013-11-07 17:14:32'),
	(578, 239, '2013-11-07 17:08:38', '2013-11-07 17:14:51'),
	(579, 1, '2013-11-08 09:48:19', '2013-11-08 09:49:23'),
	(580, 239, '2013-11-08 10:26:37', '2013-11-08 10:56:54'),
	(581, 235, '2013-11-11 14:27:44', '2013-11-11 14:27:48'),
	(582, 235, '2014-02-18 09:33:15', '2014-02-18 10:51:58'),
	(583, 239, '2014-02-18 09:38:53', '2014-02-18 09:40:09'),
	(584, 235, '2014-02-18 10:53:50', '2014-02-18 11:22:00'),
	(585, 239, '2014-02-18 11:22:06', '2014-02-18 11:26:08'),
	(586, 235, '2014-02-18 11:26:16', '2014-02-18 12:11:37'),
	(587, 239, '2014-02-18 11:55:04', '2014-02-18 12:12:07'),
	(588, 244, '2014-02-18 11:55:05', '2014-02-18 11:55:05'),
	(589, 239, '2014-02-18 12:28:25', '2014-02-18 12:40:15'),
	(590, 235, '2014-02-18 13:14:59', '2014-02-18 13:14:59'),
	(591, 235, '2014-02-18 13:22:21', '2014-02-18 13:27:07'),
	(592, 235, '2014-02-18 13:29:07', '2014-02-18 13:31:03'),
	(593, 235, '2014-02-19 12:43:40', '2014-02-19 12:44:56'),
	(594, 240, '2014-02-24 13:01:32', '2014-02-24 13:02:56'),
	(595, 240, '2014-02-24 13:03:02', '2014-02-24 13:03:02'),
	(596, 235, '2014-02-24 13:22:05', '2014-02-24 13:22:22'),
	(597, 240, '2014-02-24 13:22:30', '2014-02-24 13:23:52'),
	(598, 235, '2014-02-24 13:23:57', '2014-02-24 13:24:33'),
	(599, 235, '2014-02-24 13:26:14', '2014-02-24 13:27:50'),
	(600, 235, '2014-02-24 13:28:08', '2014-02-24 14:06:46'),
	(601, 235, '2014-02-24 14:06:53', '2014-02-24 14:18:36'),
	(602, 240, '2014-02-24 14:20:31', '2014-02-24 14:20:51'),
	(603, 235, '2014-02-24 14:20:57', '2014-02-24 14:21:44'),
	(604, 240, '2014-02-24 14:21:52', '2014-02-24 14:22:45'),
	(605, 240, '2014-02-27 16:35:35', '2014-02-27 16:38:58'),
	(606, 235, '2014-02-27 16:39:05', '2014-02-27 16:41:42'),
	(607, 241, '2014-02-28 12:23:17', '2014-02-28 12:49:40'),
	(608, 240, '2014-03-11 09:33:50', '2014-03-11 09:36:12'),
	(609, 235, '2014-03-11 09:36:22', '2014-03-11 09:39:50'),
	(610, 240, '2014-03-11 09:40:42', '2014-03-11 09:41:48'),
	(611, 235, '2014-03-11 09:41:54', '2014-03-11 09:42:49'),
	(612, 240, '2014-03-11 09:43:04', '2014-03-11 09:43:17'),
	(613, 235, '2014-03-11 09:43:22', '2014-03-11 09:43:22'),
	(614, 239, '2014-03-11 09:50:46', '2014-03-11 09:54:10'),
	(615, 239, '2014-03-11 09:54:18', '2014-03-11 09:54:18'),
	(616, 235, '2014-03-17 12:00:55', '2014-03-17 14:30:48'),
	(617, 240, '2014-03-17 14:30:56', '2014-03-17 14:30:56'),
	(618, 235, '2014-03-26 14:46:57', '2014-03-26 14:46:57'),
	(619, 235, '2014-03-28 09:54:28', '2014-03-28 09:56:01'),
	(620, 235, '2014-03-28 09:58:26', '2014-03-28 09:59:01'),
	(621, 251, '2014-03-28 09:59:07', '2014-03-28 09:59:07'),
	(622, 251, '2014-03-28 10:50:28', '2014-03-28 11:00:33'),
	(623, 235, '2014-04-08 15:05:27', '2014-04-08 15:10:52'),
	(624, 235, '2014-04-08 15:31:46', '2014-04-08 15:33:13'),
	(625, 235, '2014-04-08 15:33:29', '2014-04-08 15:33:59'),
	(626, 240, '2014-04-08 15:34:09', '2014-04-08 15:34:13'),
	(627, 235, '2014-04-08 15:35:30', '2014-04-08 15:37:07'),
	(628, 235, '2014-04-08 15:36:54', '2014-04-08 15:37:14'),
	(629, 235, '2014-04-08 15:37:51', '2014-04-08 15:41:58'),
	(630, 235, '2014-04-08 15:38:36', '2014-04-08 15:52:15'),
	(631, 239, '2014-04-08 15:52:05', '2014-04-08 15:54:47'),
	(632, 239, '2014-04-08 15:54:56', '2014-04-08 16:02:37'),
	(633, 239, '2014-04-08 16:02:46', '2014-04-08 16:28:44'),
	(634, 235, '2014-04-09 10:53:08', '2014-04-09 11:02:51'),
	(635, 235, '2014-04-09 11:54:02', '2014-04-09 11:55:42'),
	(636, 235, '2014-04-09 11:56:02', '2014-04-09 11:56:02'),
	(637, 235, '2014-04-09 11:56:42', '2014-04-09 11:57:45'),
	(638, 235, '2014-04-09 12:00:26', '2014-04-09 12:00:26'),
	(639, 235, '2014-04-09 14:10:13', '2014-04-09 14:10:14'),
	(640, 235, '2014-04-09 14:32:48', '2014-04-09 14:34:19'),
	(641, 240, '2014-04-09 14:34:26', '2014-04-09 14:34:26'),
	(642, 235, '2014-04-09 14:34:48', '2014-04-09 14:34:49'),
	(643, 235, '2014-04-09 14:36:47', '2014-04-09 14:36:47'),
	(644, 235, '2014-04-09 14:39:01', '2014-04-09 14:39:01'),
	(645, 235, '2014-04-09 15:06:15', '2014-04-09 15:06:15'),
	(646, 235, '2014-04-11 09:42:54', '2014-04-11 09:43:03'),
	(647, 235, '2014-04-11 09:43:34', '2014-04-11 09:46:52'),
	(648, 235, '2014-04-11 09:52:59', '2014-04-11 09:58:03'),
	(649, 246, '2014-04-11 09:58:09', '2014-04-11 09:58:29'),
	(650, 235, '2014-04-11 10:01:45', '2014-04-11 12:47:24'),
	(651, 246, '2014-04-11 12:47:33', '2014-04-11 12:47:49'),
	(652, 235, '2014-04-11 12:47:51', '2014-04-11 12:48:17'),
	(653, 235, '2014-04-11 14:02:27', '2014-04-11 15:05:17'),
	(654, 235, '2014-04-11 15:59:39', '2014-04-11 15:59:41'),
	(655, 235, '2014-04-11 17:11:21', '2014-04-11 17:45:36'),
	(656, 240, '2014-04-17 12:24:14', '2014-04-17 12:24:23'),
	(657, 240, '2014-04-17 12:25:01', '2014-04-17 12:30:34'),
	(658, 235, '2014-04-17 12:30:42', '2014-04-17 12:31:42'),
	(659, 235, '2014-04-29 15:26:38', '2014-04-29 15:27:09'),
	(660, 235, '2014-04-29 15:27:11', '2014-04-29 15:27:13'),
	(661, 235, '2014-04-29 15:27:18', '2014-04-29 15:27:22'),
	(662, 235, '2014-04-29 15:27:28', '2014-04-29 15:27:28'),
	(663, 246, '2014-04-30 10:57:07', '2014-04-30 11:09:04'),
	(664, 235, '2014-04-30 11:11:23', '2014-04-30 11:11:23'),
	(665, 246, '2014-04-30 12:43:56', '2014-04-30 12:45:41'),
	(666, 235, '2014-05-01 09:31:44', '2014-05-01 09:33:20'),
	(667, 235, '2014-05-01 09:33:26', '2014-05-01 09:33:26'),
	(668, 235, '2014-05-02 10:46:40', '2014-05-02 10:46:47'),
	(669, 247, '2014-05-02 10:52:02', '2014-05-02 10:55:49'),
	(670, 247, '2014-05-02 10:58:51', '2014-05-02 11:03:55'),
	(671, 245, '2014-05-02 11:06:16', '2014-05-02 11:12:31'),
	(672, 235, '2014-05-09 15:41:08', '2014-05-09 15:41:15'),
	(673, 235, '2014-05-09 17:00:33', '2014-05-09 17:00:34'),
	(674, 242, '2014-05-12 09:49:48', '2014-05-12 09:52:05'),
	(675, 247, '2014-06-18 15:29:59', '2014-06-18 15:32:22'),
	(676, 235, '2014-07-09 12:28:24', '2014-07-09 13:08:46'),
	(677, 241, '2014-07-09 13:20:14', '2014-07-09 14:11:01'),
	(678, 246, '2014-07-09 13:28:08', '2014-07-09 13:28:08'),
	(679, 242, '2014-07-09 13:28:39', '2014-07-09 14:06:25'),
	(680, 252, '2014-07-09 13:28:47', '2014-07-09 13:28:47'),
	(681, 245, '2014-07-09 13:47:18', '2014-07-09 14:02:39'),
	(682, 235, '2014-07-09 13:53:06', '2014-07-09 14:43:20'),
	(683, 239, '2014-07-09 13:56:21', '2014-07-09 13:56:21'),
	(684, 244, '2014-07-09 14:35:36', '2014-07-09 14:54:50'),
	(685, 244, '2014-07-09 14:37:09', '2014-07-09 14:38:51'),
	(686, 242, '2014-07-09 15:11:53', '2014-07-09 15:11:53'),
	(687, 247, '2014-07-09 15:35:16', '2014-07-09 15:42:08'),
	(688, 244, '2014-07-09 15:46:54', '2014-07-09 15:46:54'),
	(689, 245, '2014-07-09 15:56:18', '2014-07-09 17:01:46'),
	(690, 235, '2014-07-09 16:12:04', '2014-07-09 16:12:07'),
	(691, 252, '2014-07-09 16:17:56', '2014-07-09 16:22:07'),
	(692, 242, '2014-07-09 16:35:42', '2014-07-09 16:35:42'),
	(693, 245, '2014-07-10 08:38:56', '2014-07-10 08:38:56'),
	(694, 245, '2014-07-10 08:39:11', '2014-07-10 08:39:11'),
	(695, 239, '2014-07-10 09:49:09', '2014-07-10 10:37:01'),
	(696, 252, '2014-07-10 10:07:55', '2014-07-10 10:07:55'),
	(697, 246, '2014-07-10 10:30:44', '2014-07-10 10:30:44'),
	(698, 242, '2014-07-10 10:32:58', '2014-07-10 10:32:58'),
	(699, 241, '2014-07-10 10:34:50', '2014-07-10 10:35:11'),
	(700, 241, '2014-07-10 10:35:35', '2014-07-10 10:35:35'),
	(701, 240, '2014-07-10 10:36:29', '2014-07-10 10:36:39'),
	(702, 240, '2014-07-10 10:36:59', '2014-07-10 10:37:49'),
	(703, 239, '2014-07-10 12:52:29', '2014-07-10 12:52:29'),
	(704, 242, '2014-07-10 13:15:02', '2014-07-10 14:01:08'),
	(705, 246, '2014-07-10 14:16:36', '2014-07-10 14:16:36'),
	(706, 244, '2014-07-10 14:44:07', '2014-07-10 14:44:07'),
	(707, 242, '2014-07-10 16:07:10', '2014-07-10 16:09:24'),
	(708, 242, '2014-07-10 16:21:40', '2014-07-10 17:39:24'),
	(709, 245, '2014-07-10 16:40:06', '2014-07-10 16:40:06'),
	(710, 235, '2014-07-10 16:50:59', '2014-07-10 17:20:37'),
	(711, 246, '2014-07-10 16:54:23', '2014-07-10 16:54:23'),
	(712, 239, '2014-07-10 16:56:53', '2014-07-10 17:09:24');
/*!40000 ALTER TABLE `matinee_loginaudit` ENABLE KEYS */;


-- Dumping structure for table matinee_calendar.matinee_members
DROP TABLE IF EXISTS `matinee_members`;
CREATE TABLE IF NOT EXISTS `matinee_members` (
  `member_id` int(11) unsigned NOT NULL AUTO_INCREMENT,
  `firstname` varchar(100) DEFAULT NULL,
  `lastname` varchar(100) DEFAULT NULL,
  `login` varchar(100) NOT NULL DEFAULT '',
  `passwd` varchar(32) NOT NULL DEFAULT '',
  `email` varchar(60) DEFAULT NULL,
  `title` varchar(60) DEFAULT NULL,
  `companyid` int(60) DEFAULT NULL,
  `imageid` int(11) DEFAULT NULL,
  `description` text,
  `lastaccessdate` datetime DEFAULT NULL,
  `status` varchar(1) DEFAULT NULL,
  `postcode` varchar(8) DEFAULT NULL,
  `systemuser` varchar(1) DEFAULT NULL,
  `accepted` varchar(1) DEFAULT NULL,
  `website` varchar(200) DEFAULT NULL,
  `guid` varchar(100) DEFAULT NULL,
  `mobile` varchar(20) DEFAULT NULL,
  `loginauditid` int(11) DEFAULT NULL,
  PRIMARY KEY (`member_id`)
) ENGINE=MyISAM AUTO_INCREMENT=254 DEFAULT CHARSET=latin1;

-- Dumping data for table matinee_calendar.matinee_members: 14 rows
/*!40000 ALTER TABLE `matinee_members` DISABLE KEYS */;
REPLACE INTO `matinee_members` (`member_id`, `firstname`, `lastname`, `login`, `passwd`, `email`, `title`, `companyid`, `imageid`, `description`, `lastaccessdate`, `status`, `postcode`, `systemuser`, `accepted`, `website`, `guid`, `mobile`, `loginauditid`) VALUES
	(250, 'Nicole', 'Noack', 'NicoleN', 'b02c78a61dd0ed5edc10e81d099ffa85', 'NicoleN@matinee.co.uk', NULL, NULL, 0, NULL, NULL, 'Y', NULL, NULL, 'Y', NULL, '5303604ec895d', NULL, NULL),
	(1, 'System', 'Manager', 'admin', 'd1bf6094f672c0ea03dad5e963837dc2', 'itsupport@matinee.co.uk', 'Mr', 1, 0, '', '2013-11-08 09:49:23', 'Y', 'DE75 7YX', NULL, 'Y', NULL, '502d388d61d5b', '01189584934', 579),
	(242, 'Ben', 'Tuck', 'BenT', '792af76feae30f06e0246bb47b566fe9', 'BenT@matinee.co.uk', 'Mr', NULL, 0, '', '2014-07-10 17:39:24', 'Y', NULL, NULL, 'Y', NULL, '5303485732afb', '210', 708),
	(243, 'Dan', 'Bosley', 'DanB', 'db6ea71745f5a048d952a70a11d71300', 'DanB@matinee.co.uk', 'Mr', NULL, 0, '', NULL, 'Y', NULL, NULL, 'Y', NULL, '5303489867c7d', '225', NULL),
	(244, 'Daisy', 'Cantalamessa', 'DaisyC', '53f1231044ce3807a72b286f28f1bbea', 'DaisyC@matinee.co.uk', 'Miss', NULL, 0, '', '2014-07-10 14:44:07', 'Y', NULL, NULL, 'Y', NULL, '530348c6173f2', '207', 706),
	(245, 'Shauna', 'Charron', 'ShaunaC', 'aa965106ac365b7f60f2a85feffeb028', 'ShaunaC@matinee.co.uk', 'Ms', NULL, 0, '', '2014-07-10 16:40:06', 'Y', NULL, NULL, 'Y', NULL, '53035eed53d01', '201', 709),
	(246, 'Sally', 'Andrews', 'SallyA', '45f9234aab8fc5b53593a09578060ccb', 'SallyA@matinee.co.uk', 'Miss', NULL, 0, '', '2014-07-10 16:54:23', 'Y', NULL, NULL, 'Y', NULL, '53035f1050150', '204', 711),
	(247, 'Victoria', 'Ward', 'VictoriaW', 'ec04997350ff23037d29d5ed848e0484', 'VictoriaW@matinee.co.uk', 'Miss', NULL, 0, '', '2014-07-09 15:42:08', 'Y', NULL, NULL, 'Y', NULL, '53035f39ba4d1', '205', 687),
	(241, 'Tom', 'Ounsley', 'TomO', 'a6cb7daaaa3480ac559d09bee738ba4e', 'TomO@matinee.co.uk', 'Mr', NULL, 0, '', '2014-07-10 10:35:35', 'Y', NULL, NULL, 'Y', NULL, '530348357d175', '211', 700),
	(235, 'Jonathan', 'Harman', 'JonH', 'fb5d9a0f2b63cbeb378ef5c10e78b71b', 'jonh@matinee.co.uk', NULL, NULL, 0, NULL, '2014-07-10 17:20:37', 'Y', NULL, NULL, 'Y', NULL, '527a6fb5c8e9b', NULL, 710),
	(240, 'Adam', 'Barraud-Rahman', 'AdamBR', 'db6ea71745f5a048d952a70a11d71300', 'AdamBR@matinee.co.uk', 'Mr', NULL, 0, '', '2014-07-10 10:37:49', 'Y', NULL, NULL, 'Y', NULL, '530342d866c34', '209', 702),
	(239, 'Glyn', 'Davies', 'GlynD', '34d43006f4838e793b5f8fc3c93cfca8', 'glynd@matinee.co.uk', 'Mr', NULL, 0, '', '2014-07-10 17:09:24', 'Y', NULL, NULL, 'Y', NULL, '527a7ddcf0932', '225', 712),
	(252, 'Susannah', 'Young', 'SusannahY', '80be8fa08018226be12e48e65c7ab69d', 'SusannahY@matinee.co.uk', NULL, NULL, 0, NULL, '2014-07-10 10:07:55', 'Y', NULL, NULL, 'Y', NULL, '53bd27f02d10e', NULL, 696),
	(253, 'James', 'Lewis', 'JamesL', 'db6ea71745f5a048d952a70a11d71300', 'jamesl@matinee.co.uk', NULL, NULL, 0, NULL, NULL, 'Y', NULL, NULL, 'Y', NULL, '53bd28144a8b2', NULL, NULL);
/*!40000 ALTER TABLE `matinee_members` ENABLE KEYS */;


-- Dumping structure for table matinee_calendar.matinee_membersession
DROP TABLE IF EXISTS `matinee_membersession`;
CREATE TABLE IF NOT EXISTS `matinee_membersession` (
  `id` int(10) NOT NULL AUTO_INCREMENT,
  `memberid` int(10) NOT NULL,
  `calendarid` varchar(40) NOT NULL,
  `checked` tinyint(4) NOT NULL,
  PRIMARY KEY (`id`),
  UNIQUE KEY `memberid_calendarid` (`memberid`,`calendarid`)
) ENGINE=MyISAM AUTO_INCREMENT=254 DEFAULT CHARSET=latin1 ROW_FORMAT=FIXED;

-- Dumping data for table matinee_calendar.matinee_membersession: 205 rows
/*!40000 ALTER TABLE `matinee_membersession` DISABLE KEYS */;
REPLACE INTO `matinee_membersession` (`id`, `memberid`, `calendarid`, `checked`) VALUES
	(49, 235, 'calendar_s_13', 0),
	(50, 235, 'calendar_s_14', 0),
	(51, 235, 'calendar_s_15', 0),
	(52, 235, 'calendar_s_12', 0),
	(53, 235, 'calendar_s_8', 1),
	(54, 235, 'calendar_s_9', 1),
	(55, 235, 'calendar_s_10', 1),
	(56, 235, 'calendar_s_11', 1),
	(57, 235, 'calendar_s_16', 0),
	(58, 235, 'calendar_s_17', 0),
	(59, 239, 'calendar_s_13', 0),
	(60, 239, 'calendar_s_14', 0),
	(61, 239, 'calendar_s_15', 0),
	(62, 239, 'calendar_s_17', 0),
	(63, 239, 'calendar_s_16', 0),
	(64, 239, 'calendar_s_12', 0),
	(65, 235, 'calendar_member_239', 1),
	(66, 235, 'calendar_member_235', 1),
	(67, 239, 'calendar_member_239', 1),
	(68, 239, 'calendar_member_235', 1),
	(69, 239, 'calendar_s_8', 0),
	(70, 239, 'calendar_s_9', 0),
	(71, 239, 'calendar_s_10', 0),
	(72, 239, 'calendar_s_11', 0),
	(73, 1, 'calendar_s_1', 1),
	(74, 1, 'calendar_s_13', 0),
	(75, 1, 'calendar_s_14', 0),
	(76, 1, 'calendar_s_15', 0),
	(77, 1, 'calendar_s_17', 0),
	(78, 1, 'calendar_s_16', 0),
	(79, 1, 'calendar_s_12', 0),
	(80, 1, 'calendar_s_8', 0),
	(81, 1, 'calendar_s_9', 0),
	(82, 1, 'calendar_s_10', 0),
	(83, 1, 'calendar_s_11', 0),
	(84, 1, 'calendar_member_239', 0),
	(85, 1, 'calendar_member_235', 0),
	(86, 1, 'calendar_s_18', 1),
	(87, 1, 'calendar_s_19', 0),
	(88, 239, 'calendar_s_18', 1),
	(89, 239, 'calendar_s_19', 0),
	(90, 235, 'calendar_member_240', 1),
	(91, 239, 'calendar_member_240', 1),
	(92, 239, 'calendar_member_242', 1),
	(93, 239, 'calendar_member_244', 1),
	(94, 239, 'calendar_member_243', 1),
	(95, 239, 'calendar_member_241', 1),
	(96, 235, 'calendar_member_242', 1),
	(97, 235, 'calendar_member_244', 1),
	(98, 235, 'calendar_member_243', 1),
	(99, 235, 'calendar_member_241', 1),
	(100, 240, 'calendar_s_8', 0),
	(101, 240, 'calendar_s_9', 0),
	(102, 240, 'calendar_s_10', 0),
	(103, 240, 'calendar_s_11', 0),
	(104, 240, 'calendar_s_13', 0),
	(105, 240, 'calendar_s_14', 0),
	(106, 240, 'calendar_s_15', 0),
	(107, 240, 'calendar_s_17', 0),
	(108, 240, 'calendar_s_16', 0),
	(109, 240, 'calendar_s_12', 0),
	(110, 240, 'calendar_member_240', 1),
	(111, 240, 'calendar_member_242', 0),
	(112, 240, 'calendar_member_244', 0),
	(113, 240, 'calendar_member_243', 0),
	(114, 240, 'calendar_member_239', 0),
	(115, 240, 'calendar_member_235', 0),
	(116, 240, 'calendar_member_241', 0),
	(117, 241, 'calendar_member_240', 0),
	(118, 241, 'calendar_member_242', 0),
	(119, 241, 'calendar_member_244', 0),
	(120, 241, 'calendar_member_243', 0),
	(121, 241, 'calendar_member_239', 0),
	(122, 241, 'calendar_member_241', 1),
	(123, 241, 'calendar_s_8', 1),
	(124, 241, 'calendar_s_9', 1),
	(125, 241, 'calendar_s_10', 0),
	(126, 241, 'calendar_s_11', 0),
	(127, 241, 'calendar_s_13', 0),
	(128, 241, 'calendar_s_14', 0),
	(129, 241, 'calendar_s_15', 0),
	(130, 241, 'calendar_s_17', 0),
	(131, 241, 'calendar_s_16', 0),
	(132, 241, 'calendar_s_12', 1),
	(133, 246, 'calendar_s_13', 0),
	(134, 246, 'calendar_s_14', 0),
	(135, 246, 'calendar_s_15', 0),
	(136, 246, 'calendar_s_17', 1),
	(137, 246, 'calendar_s_16', 0),
	(138, 246, 'calendar_s_12', 0),
	(139, 246, 'calendar_s_8', 0),
	(140, 246, 'calendar_s_9', 0),
	(141, 246, 'calendar_s_10', 0),
	(142, 246, 'calendar_s_11', 0),
	(143, 246, 'calendar_s_19', 0),
	(144, 246, 'calendar_member_240', 0),
	(145, 246, 'calendar_member_242', 1),
	(146, 246, 'calendar_member_244', 0),
	(147, 246, 'calendar_member_243', 0),
	(148, 246, 'calendar_member_239', 0),
	(149, 246, 'calendar_member_241', 0),
	(150, 235, 'calendar_s_19', 0),
	(151, 247, 'calendar_s_8', 0),
	(152, 247, 'calendar_s_9', 0),
	(153, 247, 'calendar_s_10', 0),
	(154, 247, 'calendar_s_11', 0),
	(155, 247, 'calendar_s_19', 0),
	(156, 247, 'calendar_s_13', 0),
	(157, 247, 'calendar_s_14', 0),
	(158, 247, 'calendar_s_15', 0),
	(159, 247, 'calendar_s_17', 0),
	(160, 247, 'calendar_s_16', 0),
	(161, 247, 'calendar_s_12', 0),
	(162, 247, 'calendar_member_241', 0),
	(163, 245, 'calendar_member_240', 1),
	(164, 245, 'calendar_member_242', 0),
	(165, 245, 'calendar_member_244', 0),
	(166, 245, 'calendar_member_243', 1),
	(167, 245, 'calendar_member_239', 0),
	(168, 245, 'calendar_member_241', 0),
	(169, 245, 'calendar_s_13', 0),
	(170, 245, 'calendar_s_14', 1),
	(171, 245, 'calendar_s_15', 0),
	(172, 245, 'calendar_s_17', 1),
	(173, 245, 'calendar_s_16', 0),
	(174, 245, 'calendar_s_10', 0),
	(175, 245, 'calendar_s_11', 0),
	(176, 245, 'calendar_s_19', 0),
	(177, 242, 'calendar_member_240', 0),
	(178, 242, 'calendar_member_244', 0),
	(179, 242, 'calendar_member_243', 0),
	(180, 242, 'calendar_member_239', 0),
	(181, 242, 'calendar_member_241', 0),
	(182, 242, 'calendar_s_8', 0),
	(183, 242, 'calendar_s_9', 0),
	(184, 242, 'calendar_s_10', 0),
	(185, 242, 'calendar_s_11', 0),
	(186, 242, 'calendar_s_19', 0),
	(187, 242, 'calendar_s_13', 1),
	(188, 242, 'calendar_s_14', 0),
	(189, 242, 'calendar_s_15', 0),
	(190, 242, 'calendar_s_17', 1),
	(191, 242, 'calendar_s_16', 0),
	(192, 242, 'calendar_s_12', 0),
	(193, 242, 'calendar_member_242', 1),
	(194, 247, 'calendar_member_240', 1),
	(195, 247, 'calendar_member_242', 1),
	(196, 247, 'calendar_member_244', 1),
	(197, 247, 'calendar_member_243', 0),
	(198, 247, 'calendar_member_239', 0),
	(199, 241, 'calendar_member_253', 0),
	(200, 241, 'calendar_s_19', 0),
	(201, 242, 'calendar_member_253', 0),
	(202, 252, 'calendar_s_8', 1),
	(203, 252, 'calendar_s_9', 0),
	(204, 252, 'calendar_s_10', 0),
	(205, 252, 'calendar_s_11', 0),
	(206, 252, 'calendar_s_19', 0),
	(207, 252, 'calendar_s_13', 0),
	(208, 252, 'calendar_s_14', 0),
	(209, 252, 'calendar_s_15', 0),
	(210, 252, 'calendar_s_17', 0),
	(211, 252, 'calendar_s_16', 0),
	(212, 252, 'calendar_s_12', 0),
	(213, 252, 'calendar_member_240', 1),
	(214, 252, 'calendar_member_242', 0),
	(215, 252, 'calendar_member_244', 0),
	(216, 252, 'calendar_member_243', 0),
	(217, 252, 'calendar_member_239', 0),
	(218, 252, 'calendar_member_253', 0),
	(219, 252, 'calendar_member_241', 0),
	(220, 245, 'calendar_member_253', 0),
	(221, 245, 'calendar_s_12', 0),
	(222, 245, 'calendar_s_8', 1),
	(223, 245, 'calendar_s_9', 1),
	(224, 239, 'calendar_member_253', 1),
	(225, 244, 'calendar_s_19', 0),
	(226, 244, 'calendar_s_13', 0),
	(227, 244, 'calendar_s_14', 0),
	(228, 244, 'calendar_s_15', 0),
	(229, 244, 'calendar_s_17', 0),
	(230, 244, 'calendar_s_16', 0),
	(231, 244, 'calendar_s_12', 0),
	(232, 244, 'calendar_s_8', 0),
	(233, 244, 'calendar_s_9', 0),
	(234, 244, 'calendar_s_10', 0),
	(235, 244, 'calendar_s_11', 0),
	(236, 244, 'calendar_member_240', 0),
	(237, 244, 'calendar_member_242', 0),
	(238, 244, 'calendar_member_244', 1),
	(239, 244, 'calendar_member_243', 0),
	(240, 244, 'calendar_member_239', 0),
	(241, 244, 'calendar_member_253', 0),
	(242, 244, 'calendar_member_241', 0),
	(243, 247, 'calendar_member_253', 0),
	(244, 246, 'calendar_member_253', 0),
	(245, 240, 'calendar_member_253', 0),
	(246, 240, 'calendar_s_19', 0),
	(247, 0, 'calendar_s_13', 1),
	(248, 0, 'calendar_member_242', 1),
	(249, 0, 'calendar_s_14', 0),
	(250, 0, 'calendar_s_15', 0),
	(251, 0, 'calendar_s_17', 1),
	(252, 0, 'calendar_s_16', 0),
	(253, 0, 'calendar_member_241', 0);
/*!40000 ALTER TABLE `matinee_membersession` ENABLE KEYS */;


-- Dumping structure for table matinee_calendar.matinee_messages
DROP TABLE IF EXISTS `matinee_messages`;
CREATE TABLE IF NOT EXISTS `matinee_messages` (
  `id` mediumint(8) unsigned NOT NULL AUTO_INCREMENT,
  `from_member_id` int(11) DEFAULT NULL,
  `to_member_id` int(11) DEFAULT NULL,
  `subject` varchar(50) DEFAULT NULL,
  `message` text,
  `status` varchar(1) DEFAULT NULL,
  `action` text,
  `createddate` timestamp NULL DEFAULT NULL,
  PRIMARY KEY (`id`),
  KEY `to_member_id` (`to_member_id`)
) ENGINE=MyISAM AUTO_INCREMENT=1494 DEFAULT CHARSET=latin1;

-- Dumping data for table matinee_calendar.matinee_messages: 133 rows
/*!40000 ALTER TABLE `matinee_messages` DISABLE KEYS */;
REPLACE INTO `matinee_messages` (`id`, `from_member_id`, `to_member_id`, `subject`, `message`, `status`, `action`, `createddate`) VALUES
	(1361, 1, 1, 'User Registration', 'User JonH has been registered as a user.<br>Password : Jasmin717440', 'N', '', '2013-11-06 15:50:24'),
	(1362, 1, 232, 'User Registration', 'User JonH has been registered as a user.<br>Password : Jasmin717440', 'N', '', '2013-11-06 15:50:25'),
	(1363, 1, 232, 'User Registration', '<h3>Welcome Jonathan Harman.</h3><br>You have been invited to become a member of \'Engineers for tomorrow\'.<br>Please click on the <a href=\'http://calendar.matinee.co.uk/index.php\'>link</a> to activate your account.<br><br><h4>Login details</h4>User ID : JonH<br>Password : Jasmin717440', 'N', '', '2013-11-06 15:50:26'),
	(1364, 1, 1, 'User Registration', 'User GlynD has been registered as a user.<br>Password : rocket02', 'N', '', '2013-11-06 16:17:19'),
	(1365, 1, 232, 'User Registration', 'User GlynD has been registered as a user.<br>Password : rocket02', 'N', '', '2013-11-06 16:17:20'),
	(1366, 1, 233, 'User Registration', 'User GlynD has been registered as a user.<br>Password : rocket02', 'N', '', '2013-11-06 16:17:21'),
	(1367, 1, 233, 'User Registration', '<h3>Welcome Glyn Davies.</h3><br>You have been invited to become a member of \'Engineers for tomorrow\'.<br>Please click on the <a href=\'http://calendar.matinee.co.uk/index.php\'>link</a> to activate your account.<br><br><h4>Login details</h4>User ID : GlynD<br>Password : rocket02', 'N', '', '2013-11-06 16:17:22'),
	(1368, 1, 1, 'User Registration', 'User JonH has been registered as a user.<br>Password : Greengra55', 'N', '', '2013-11-06 16:22:48'),
	(1369, 1, 232, 'User Registration', 'User JonH has been registered as a user.<br>Password : Greengra55', 'N', '', '2013-11-06 16:22:49'),
	(1370, 1, 233, 'User Registration', 'User JonH has been registered as a user.<br>Password : Greengra55', 'N', '', '2013-11-06 16:22:50'),
	(1371, 1, 234, 'User Registration', 'User JonH has been registered as a user.<br>Password : Greengra55', 'N', '', '2013-11-06 16:22:51'),
	(1372, 1, 234, 'User Registration', '<h3>Welcome Jonathan Harman.</h3><br>You have been invited to become a member of \'Engineers for tomorrow\'.<br>Please click on the <a href=\'http://calendar.matinee.co.uk/index.php\'>link</a> to activate your account.<br><br><h4>Login details</h4>User ID : JonH<br>Password : Greengra55', 'N', '', '2013-11-06 16:22:52'),
	(1373, 1, 1, 'User Registration', 'User JonH has been registered as a user.<br>Password : Greengra55', 'N', '', '2013-11-06 16:35:02'),
	(1374, 1, 235, 'User Registration', 'User JonH has been registered as a user.<br>Password : Greengra55', 'N', '', '2013-11-06 16:35:03'),
	(1375, 1, 233, 'User Registration', 'User JonH has been registered as a user.<br>Password : Greengra55', 'N', '', '2013-11-06 16:35:05'),
	(1376, 1, 235, 'User Registration', '<h3>Welcome Jonathan Harman.</h3><br>You have been invited to become a member of \'Engineers for tomorrow\'.<br>Please click on the <a href=\'http://calendar.matinee.co.uk/index.php\'>link</a> to activate your account.<br><br><h4>Login details</h4>User ID : JonH<br>Password : Greengra55', 'N', '', '2013-11-06 16:35:06'),
	(1377, 1, 1, 'User Registration', 'User GlynD has been registered as a user.<br>Password : rocket02', 'N', '', '2013-11-06 16:48:30'),
	(1378, 1, 235, 'User Registration', 'User GlynD has been registered as a user.<br>Password : rocket02', 'N', '', '2013-11-06 16:48:31'),
	(1379, 1, 236, 'User Registration', 'User GlynD has been registered as a user.<br>Password : rocket02', 'N', '', '2013-11-06 16:48:32'),
	(1380, 1, 236, 'User Registration', '<h3>Welcome Glyn Davies.</h3><br>You have been invited to become a member of \'Engineers for tomorrow\'.<br>Please click on the <a href=\'http://calendar.matinee.co.uk/index.php\'>link</a> to activate your account.<br><br><h4>Login details</h4>User ID : GlynD<br>Password : rocket02', 'N', '', '2013-11-06 16:48:34'),
	(1381, 1, 1, 'User Registration', 'User GlynD has been registered as a user.<br>Password : rocket02', 'N', '', '2013-11-06 16:55:55'),
	(1382, 1, 235, 'User Registration', 'User GlynD has been registered as a user.<br>Password : rocket02', 'N', '', '2013-11-06 16:55:57'),
	(1383, 1, 237, 'User Registration', 'User GlynD has been registered as a user.<br>Password : rocket02', 'N', '', '2013-11-06 16:55:58'),
	(1384, 1, 237, 'User Registration', '<h3>Welcome Glyn Davies.</h3><br>You have been invited to become a member of \'Engineers for tomorrow\'.<br>Please click on the <a href=\'http://calendar.matinee.co.uk/index.php\'>link</a> to activate your account.<br><br><h4>Login details</h4>User ID : GlynD<br>Password : rocket02', 'N', '', '2013-11-06 16:55:59'),
	(1385, 1, 1, 'User Registration', 'User GlynD has been registered as a user.<br>Password : rocket02', 'N', '', '2013-11-06 16:58:37'),
	(1386, 1, 235, 'User Registration', 'User GlynD has been registered as a user.<br>Password : rocket02', 'N', '', '2013-11-06 16:58:37'),
	(1387, 1, 238, 'User Registration', '<h3>Welcome Glyn Davies.</h3><br>You have been invited to become a member of \'Engineers for tomorrow\'.<br>Please click on the <a href=\'http://calendar.matinee.co.uk/index.php\'>link</a> to activate your account.<br><br><h4>Login details</h4>User ID : GlynD<br>Password : rocket02', 'N', '', '2013-11-06 16:58:38'),
	(1388, 1, 1, 'User Registration', 'User GlynD has been registered as a user.<br>Password : rocket02', 'N', '', '2013-11-06 17:35:25'),
	(1389, 1, 235, 'User Registration', 'User GlynD has been registered as a user.<br>Password : rocket02', 'N', '', '2013-11-06 17:35:25'),
	(1390, 1, 239, 'User Registration', 'User GlynD has been registered as a user.<br>Password : rocket02', 'N', '', '2013-11-06 17:35:25'),
	(1391, 1, 239, 'User Registration', '<h3>Welcome Glyn Davies.</h3><br>You have been invited to become a member of \'Engineers for tomorrow\'.<br>Please click on the <a href=\'http://calendar.matinee.co.uk/index.php\'>link</a> to activate your account.<br><br><h4>Login details</h4>User ID : GlynD<br>Password : rocket02', 'N', '', '2013-11-06 17:35:25'),
	(1392, 1, 1, 'User Registration', 'User AdamBR has been registered as a user.<br>Password : Matinee11', 'N', '', '2014-02-18 11:24:59'),
	(1393, 1, 235, 'User Registration', 'User AdamBR has been registered as a user.<br>Password : Matinee11', 'N', '', '2014-02-18 11:24:59'),
	(1394, 1, 239, 'User Registration', 'User AdamBR has been registered as a user.<br>Password : Matinee11', 'N', '', '2014-02-18 11:24:59'),
	(1395, 1, 240, 'User Registration', '<h3>Welcome Adam Barraud-Rahman.</h3><br>You have been invited to become a member of \'Engineers for tomorrow\'.<br>Please click on the <a href=\'http://calendar.matinee.co.uk/index.php\'>link</a> to activate your account.<br><br><h4>Login details</h4>User ID : AdamBR<br>Password : Matinee11', 'N', '', '2014-02-18 11:24:59'),
	(1396, 1, 1, 'User Registration', 'User TomO has been registered as a user.<br>Password : Matinee11', 'N', '', '2014-02-18 11:47:01'),
	(1397, 1, 235, 'User Registration', 'User TomO has been registered as a user.<br>Password : Matinee11', 'N', '', '2014-02-18 11:47:01'),
	(1398, 1, 239, 'User Registration', 'User TomO has been registered as a user.<br>Password : Matinee11', 'N', '', '2014-02-18 11:47:02'),
	(1399, 1, 241, 'User Registration', '<h3>Welcome Tom Ounsley.</h3><br>You have been invited to become a member of \'Engineers for tomorrow\'.<br>Please click on the <a href=\'http://calendar.matinee.co.uk/index.php\'>link</a> to activate your account.<br><br><h4>Login details</h4>User ID : TomO<br>Password : Matinee11', 'N', '', '2014-02-18 11:47:02'),
	(1400, 1, 1, 'User Registration', 'User BenT has been registered as a user.<br>Password : Matinee11', 'N', '', '2014-02-18 11:47:35'),
	(1401, 1, 235, 'User Registration', 'User BenT has been registered as a user.<br>Password : Matinee11', 'N', '', '2014-02-18 11:47:35'),
	(1402, 1, 239, 'User Registration', 'User BenT has been registered as a user.<br>Password : Matinee11', 'N', '', '2014-02-18 11:47:35'),
	(1403, 1, 242, 'User Registration', '<h3>Welcome Ben Tuck.</h3><br>You have been invited to become a member of \'Engineers for tomorrow\'.<br>Please click on the <a href=\'http://calendar.matinee.co.uk/index.php\'>link</a> to activate your account.<br><br><h4>Login details</h4>User ID : BenT<br>Password : Matinee11', 'N', '', '2014-02-18 11:47:35'),
	(1404, 1, 1, 'User Registration', 'User DanB has been registered as a user.<br>Password : Matinee11', 'N', '', '2014-02-18 11:48:40'),
	(1405, 1, 235, 'User Registration', 'User DanB has been registered as a user.<br>Password : Matinee11', 'N', '', '2014-02-18 11:48:40'),
	(1406, 1, 239, 'User Registration', 'User DanB has been registered as a user.<br>Password : Matinee11', 'N', '', '2014-02-18 11:48:41'),
	(1407, 1, 243, 'User Registration', '<h3>Welcome Dan Bosley.</h3><br>You have been invited to become a member of \'Engineers for tomorrow\'.<br>Please click on the <a href=\'http://calendar.matinee.co.uk/index.php\'>link</a> to activate your account.<br><br><h4>Login details</h4>User ID : DanB<br>Password : Matinee11', 'N', '', '2014-02-18 11:48:41'),
	(1408, 1, 1, 'User Registration', 'User DaisyC has been registered as a user.<br>Password : Matinee11', 'N', '', '2014-02-18 11:49:26'),
	(1409, 1, 235, 'User Registration', 'User DaisyC has been registered as a user.<br>Password : Matinee11', 'N', '', '2014-02-18 11:49:26'),
	(1410, 1, 239, 'User Registration', 'User DaisyC has been registered as a user.<br>Password : Matinee11', 'N', '', '2014-02-18 11:49:26'),
	(1411, 1, 244, 'User Registration', '<h3>Welcome Daisy Cantalamessa.</h3><br>You have been invited to become a member of \'Engineers for tomorrow\'.<br>Please click on the <a href=\'http://calendar.matinee.co.uk/index.php\'>link</a> to activate your account.<br><br><h4>Login details</h4>User ID : DaisyC<br>Password : Matinee11', 'N', '', '2014-02-18 11:49:26'),
	(1412, 1, 1, 'User Registration', 'User ShaunaC has been registered as a user.<br>Password : Matinee22', 'N', '', '2014-02-18 13:23:57'),
	(1413, 1, 235, 'User Registration', 'User ShaunaC has been registered as a user.<br>Password : Matinee22', 'N', '', '2014-02-18 13:23:57'),
	(1414, 1, 239, 'User Registration', 'User ShaunaC has been registered as a user.<br>Password : Matinee22', 'N', '', '2014-02-18 13:23:57'),
	(1415, 1, 245, 'User Registration', '<h3>Welcome Shauna Charron.</h3><br>You have been invited to become a member of \'Engineers for tomorrow\'.<br>Please click on the <a href=\'http://calendar.matinee.co.uk/index.php\'>link</a> to activate your account.<br><br><h4>Login details</h4>User ID : ShaunaC<br>Password : Matinee22', 'N', '', '2014-02-18 13:23:58'),
	(1416, 1, 1, 'User Registration', 'User SallyA has been registered as a user.<br>Password : Matinee22', 'N', '', '2014-02-18 13:24:32'),
	(1417, 1, 235, 'User Registration', 'User SallyA has been registered as a user.<br>Password : Matinee22', 'N', '', '2014-02-18 13:24:32'),
	(1418, 1, 239, 'User Registration', 'User SallyA has been registered as a user.<br>Password : Matinee22', 'N', '', '2014-02-18 13:24:33'),
	(1419, 1, 246, 'User Registration', '<h3>Welcome Sally Andrews.</h3><br>You have been invited to become a member of \'Engineers for tomorrow\'.<br>Please click on the <a href=\'http://calendar.matinee.co.uk/index.php\'>link</a> to activate your account.<br><br><h4>Login details</h4>User ID : SallyA<br>Password : Matinee22', 'N', '', '2014-02-18 13:24:33'),
	(1420, 1, 1, 'User Registration', 'User VictoriaW has been registered as a user.<br>Password : Matinee22', 'N', '', '2014-02-18 13:25:13'),
	(1421, 1, 235, 'User Registration', 'User VictoriaW has been registered as a user.<br>Password : Matinee22', 'N', '', '2014-02-18 13:25:14'),
	(1422, 1, 239, 'User Registration', 'User VictoriaW has been registered as a user.<br>Password : Matinee22', 'N', '', '2014-02-18 13:25:14'),
	(1423, 1, 247, 'User Registration', '<h3>Welcome Victoria Ward.</h3><br>You have been invited to become a member of \'Engineers for tomorrow\'.<br>Please click on the <a href=\'http://calendar.matinee.co.uk/index.php\'>link</a> to activate your account.<br><br><h4>Login details</h4>User ID : VictoriaW<br>Password : Matinee22', 'N', '', '2014-02-18 13:25:14'),
	(1424, 1, 1, 'User Registration', 'User AmandaS has been registered as a user.<br>Password : Matinee22', 'N', '', '2014-02-18 13:25:42'),
	(1425, 1, 235, 'User Registration', 'User AmandaS has been registered as a user.<br>Password : Matinee22', 'N', '', '2014-02-18 13:25:42'),
	(1426, 1, 239, 'User Registration', 'User AmandaS has been registered as a user.<br>Password : Matinee22', 'N', '', '2014-02-18 13:25:42'),
	(1427, 1, 248, 'User Registration', '<h3>Welcome Amanda Scade.</h3><br>You have been invited to become a member of \'Engineers for tomorrow\'.<br>Please click on the <a href=\'http://calendar.matinee.co.uk/index.php\'>link</a> to activate your account.<br><br><h4>Login details</h4>User ID : AmandaS<br>Password : Matinee22', 'N', '', '2014-02-18 13:25:42'),
	(1428, 1, 1, 'User Registration', 'User NicoleN has been registered as a user.<br>Password : megan19', 'N', '', '2014-02-18 13:27:44'),
	(1429, 1, 235, 'User Registration', 'User NicoleN has been registered as a user.<br>Password : megan19', 'N', '', '2014-02-18 13:27:44'),
	(1430, 1, 239, 'User Registration', 'User NicoleN has been registered as a user.<br>Password : megan19', 'N', '', '2014-02-18 13:27:44'),
	(1431, 1, 249, 'User Registration', 'User NicoleN has been registered as a user.<br>Password : megan19', 'N', '', '2014-02-18 13:29:02'),
	(1432, 1, 249, 'User Registration', '<h3>Welcome Nicole Noack.</h3><br>You have been invited to become a member of \'Engineers for tomorrow\'.<br>Please click on the <a href=\'http://calendar.matinee.co.uk/index.php\'>link</a> to activate your account.<br><br><h4>Login details</h4>User ID : NicoleN<br>Password : megan19', 'N', '', '2014-02-18 13:29:03'),
	(1433, 1, 1, 'User Registration', 'User NicoleN has been registered as a user.<br>Password : Megan19', 'N', '', '2014-02-18 13:29:51'),
	(1434, 1, 235, 'User Registration', 'User NicoleN has been registered as a user.<br>Password : Megan19', 'N', '', '2014-02-18 13:29:51'),
	(1435, 1, 239, 'User Registration', 'User NicoleN has been registered as a user.<br>Password : Megan19', 'N', '', '2014-02-18 13:29:51'),
	(1436, 1, 249, 'User Registration', 'User NicoleN has been registered as a user.<br>Password : Megan19', 'N', '', '2014-02-18 13:29:51'),
	(1437, 1, 250, 'User Registration', 'User NicoleN has been registered as a user.<br>Password : Megan19', 'N', '', '2014-02-18 13:31:02'),
	(1438, 1, 250, 'User Registration', '<h3>Welcome Nicole Noack.</h3><br>You have been invited to become a member of \'Engineers for tomorrow\'.<br>Please click on the <a href=\'http://calendar.matinee.co.uk/index.php\'>link</a> to activate your account.<br><br><h4>Login details</h4>User ID : NicoleN<br>Password : Megan19', 'N', '', '2014-02-18 13:31:03'),
	(1439, 1, 1, 'User Registration', 'User DinishP has been registered as a user.<br>Password : creative87', 'N', '', '2014-03-28 09:55:53'),
	(1440, 1, 235, 'User Registration', 'User DinishP has been registered as a user.<br>Password : creative87', 'N', '', '2014-03-28 09:55:54'),
	(1441, 1, 239, 'User Registration', 'User DinishP has been registered as a user.<br>Password : creative87', 'N', '', '2014-03-28 09:55:54'),
	(1442, 1, 250, 'User Registration', 'User DinishP has been registered as a user.<br>Password : creative87', 'N', '', '2014-03-28 09:55:54'),
	(1443, 1, 251, 'User Registration', 'User DinishP has been registered as a user.<br>Password : creative87', 'N', '', '2014-03-28 09:55:54'),
	(1444, 1, 251, 'User Registration', '<h3>Welcome Dinesh Pradeep.</h3><br>You have been invited to become a member of \'Engineers for tomorrow\'.<br>Please click on the <a href=\'http://calendar.matinee.co.uk/index.php\'>link</a> to activate your account.<br><br><h4>Login details</h4>User ID : DinishP<br>Password : creative87', 'N', '', '2014-03-28 09:55:54'),
	(1445, 1, 239, 'Password reset', 'Your password has been reset to evYRWPMdSr.<br>Please contact your system administrator if you have any problems.', 'N', '', '2014-04-08 15:50:37'),
	(1446, 1, 1, 'Password reset', 'User GlynD has had the password reset to evYRWPMdSr.', 'N', '', '2014-04-08 15:50:37'),
	(1447, 1, 235, 'Password reset', 'User GlynD has had the password reset to evYRWPMdSr.', 'N', '', '2014-04-08 15:50:37'),
	(1448, 1, 239, 'Password reset', 'User GlynD has had the password reset to evYRWPMdSr.', 'N', '', '2014-04-08 15:50:37'),
	(1449, 1, 250, 'Password reset', 'User GlynD has had the password reset to evYRWPMdSr.', 'N', '', '2014-04-08 15:50:37'),
	(1450, 1, 251, 'Password reset', 'User GlynD has had the password reset to evYRWPMdSr.', 'N', '', '2014-04-08 15:50:37'),
	(1451, 1, 1, 'User Amendment', '<h3>User amendment.</h3><br>Your details have been amended by the System Administration.<br>Your password has been changed to: <i>rJ86cHBlP0EJ</i>.', 'N', '', '2014-04-29 15:26:57'),
	(1452, 1, 235, 'User Amendment', '<h3>User amendment.</h3><br>Your details have been amended by the System Administration.<br>Your password has been changed to: <i>rJ86cHBlP0EJ</i>.', 'N', '', '2014-04-29 15:26:57'),
	(1453, 1, 239, 'User Amendment', '<h3>User amendment.</h3><br>Your details have been amended by the System Administration.<br>Your password has been changed to: <i>rJ86cHBlP0EJ</i>.', 'N', '', '2014-04-29 15:26:57'),
	(1454, 1, 250, 'User Amendment', '<h3>User amendment.</h3><br>Your details have been amended by the System Administration.<br>Your password has been changed to: <i>rJ86cHBlP0EJ</i>.', 'N', '', '2014-04-29 15:26:57'),
	(1455, 1, 251, 'User Amendment', '<h3>User amendment.</h3><br>Your details have been amended by the System Administration.<br>Your password has been changed to: <i>rJ86cHBlP0EJ</i>.', 'N', '', '2014-04-29 15:26:57'),
	(1456, 1, 235, 'User Amendment', '<h3>User amendment.</h3><br>Your details have been amended by the System Administration.<br>Your password has been changed to: <i>rJ86cHBlP0EJ</i>.', 'N', '', '2014-04-29 15:26:57'),
	(1457, 1, 1, 'User Registration', 'User SusannahY has been registered as a user.<br>Password : grapejuice81', 'N', '', '2014-07-09 12:30:56'),
	(1458, 1, 235, 'User Registration', 'User SusannahY has been registered as a user.<br>Password : grapejuice81', 'N', '', '2014-07-09 12:30:56'),
	(1459, 1, 239, 'User Registration', 'User SusannahY has been registered as a user.<br>Password : grapejuice81', 'N', '', '2014-07-09 12:30:56'),
	(1460, 1, 250, 'User Registration', 'User SusannahY has been registered as a user.<br>Password : grapejuice81', 'N', '', '2014-07-09 12:30:56'),
	(1461, 1, 251, 'User Registration', 'User SusannahY has been registered as a user.<br>Password : grapejuice81', 'N', '', '2014-07-09 12:30:56'),
	(1462, 1, 252, 'User Registration', '<h3>Welcome Susannah Young.</h3><br>You have been invited to become a member of \'Engineers for tomorrow\'.<br>Please click on the <a href=\'http://calendar.matinee.co.uk/index.php\'>link</a> to activate your account.<br><br><h4>Login details</h4>User ID : SusannahY<br>Password : grapejuice81', 'N', '', '2014-07-09 12:30:56'),
	(1463, 1, 1, 'User Registration', 'User JamesL has been registered as a user.<br>Password : matinee11', 'N', '', '2014-07-09 12:31:32'),
	(1464, 1, 235, 'User Registration', 'User JamesL has been registered as a user.<br>Password : matinee11', 'N', '', '2014-07-09 12:31:32'),
	(1465, 1, 239, 'User Registration', 'User JamesL has been registered as a user.<br>Password : matinee11', 'N', '', '2014-07-09 12:31:32'),
	(1466, 1, 250, 'User Registration', 'User JamesL has been registered as a user.<br>Password : matinee11', 'N', '', '2014-07-09 12:31:32'),
	(1467, 1, 251, 'User Registration', 'User JamesL has been registered as a user.<br>Password : matinee11', 'N', '', '2014-07-09 12:31:32'),
	(1468, 1, 253, 'User Registration', '<h3>Welcome James Lewis.</h3><br>You have been invited to become a member of \'Engineers for tomorrow\'.<br>Please click on the <a href=\'http://calendar.matinee.co.uk/index.php\'>link</a> to activate your account.<br><br><h4>Login details</h4>User ID : JamesL<br>Password : matinee11', 'N', '', '2014-07-09 12:31:32'),
	(1469, 1, 1, 'User Amendment', '<h3>User amendment.</h3><br>Your details have been amended by the System Administration.<br>Your password has been changed to: <i>Yue33</i>.', 'N', '', '2014-07-09 13:24:20'),
	(1470, 1, 235, 'User Amendment', '<h3>User amendment.</h3><br>Your details have been amended by the System Administration.<br>Your password has been changed to: <i>Yue33</i>.', 'N', '', '2014-07-09 13:24:20'),
	(1471, 1, 239, 'User Amendment', '<h3>User amendment.</h3><br>Your details have been amended by the System Administration.<br>Your password has been changed to: <i>Yue33</i>.', 'N', '', '2014-07-09 13:24:20'),
	(1472, 1, 250, 'User Amendment', '<h3>User amendment.</h3><br>Your details have been amended by the System Administration.<br>Your password has been changed to: <i>Yue33</i>.', 'N', '', '2014-07-09 13:24:20'),
	(1473, 1, 241, 'User Amendment', '<h3>User amendment.</h3><br>Your details have been amended by the System Administration.<br>Your password has been changed to: <i>Yue33</i>.', 'N', '', '2014-07-09 13:24:20'),
	(1474, 1, 1, 'User Amendment', '<h3>User amendment.</h3><br>Your details have been amended by the System Administration.<br>Your password has been changed to: <i>mallard06</i>.', 'N', '', '2014-07-09 13:29:03'),
	(1475, 1, 235, 'User Amendment', '<h3>User amendment.</h3><br>Your details have been amended by the System Administration.<br>Your password has been changed to: <i>mallard06</i>.', 'N', '', '2014-07-09 13:29:03'),
	(1476, 1, 239, 'User Amendment', '<h3>User amendment.</h3><br>Your details have been amended by the System Administration.<br>Your password has been changed to: <i>mallard06</i>.', 'N', '', '2014-07-09 13:29:03'),
	(1477, 1, 250, 'User Amendment', '<h3>User amendment.</h3><br>Your details have been amended by the System Administration.<br>Your password has been changed to: <i>mallard06</i>.', 'N', '', '2014-07-09 13:29:03'),
	(1478, 1, 242, 'User Amendment', '<h3>User amendment.</h3><br>Your details have been amended by the System Administration.<br>Your password has been changed to: <i>mallard06</i>.', 'N', '', '2014-07-09 13:29:03'),
	(1479, 1, 239, 'Password reset', 'Your password has been reset to olejQtSbkV.<br>Please contact your system administrator if you have any problems.', 'N', '', '2014-07-09 13:41:47'),
	(1480, 1, 1, 'Password reset', 'User glynd has had the password reset to olejQtSbkV.', 'N', '', '2014-07-09 13:41:47'),
	(1481, 1, 235, 'Password reset', 'User glynd has had the password reset to olejQtSbkV.', 'N', '', '2014-07-09 13:41:47'),
	(1482, 1, 239, 'Password reset', 'User glynd has had the password reset to olejQtSbkV.', 'N', '', '2014-07-09 13:41:47'),
	(1483, 1, 250, 'Password reset', 'User glynd has had the password reset to olejQtSbkV.', 'N', '', '2014-07-09 13:41:47'),
	(1484, 1, 1, 'User Amendment', '<h3>User amendment.</h3><br>Your details have been amended by the System Administration.<br>Your password has been changed to: <i>matinee207</i>.', 'N', '', '2014-07-09 13:48:15'),
	(1485, 1, 235, 'User Amendment', '<h3>User amendment.</h3><br>Your details have been amended by the System Administration.<br>Your password has been changed to: <i>matinee207</i>.', 'N', '', '2014-07-09 13:48:15'),
	(1486, 1, 239, 'User Amendment', '<h3>User amendment.</h3><br>Your details have been amended by the System Administration.<br>Your password has been changed to: <i>matinee207</i>.', 'N', '', '2014-07-09 13:48:15'),
	(1487, 1, 250, 'User Amendment', '<h3>User amendment.</h3><br>Your details have been amended by the System Administration.<br>Your password has been changed to: <i>matinee207</i>.', 'N', '', '2014-07-09 13:48:15'),
	(1488, 1, 245, 'User Amendment', '<h3>User amendment.</h3><br>Your details have been amended by the System Administration.<br>Your password has been changed to: <i>matinee207</i>.', 'N', '', '2014-07-09 13:48:15'),
	(1489, 1, 1, 'User Amendment', '<h3>User amendment.</h3><br>Your details have been amended by the System Administration.<br>Your password has been changed to: <i>incupuss00</i>.', 'N', '', '2014-07-09 14:38:40'),
	(1490, 1, 235, 'User Amendment', '<h3>User amendment.</h3><br>Your details have been amended by the System Administration.<br>Your password has been changed to: <i>incupuss00</i>.', 'N', '', '2014-07-09 14:38:40'),
	(1491, 1, 239, 'User Amendment', '<h3>User amendment.</h3><br>Your details have been amended by the System Administration.<br>Your password has been changed to: <i>incupuss00</i>.', 'N', '', '2014-07-09 14:38:40'),
	(1492, 1, 250, 'User Amendment', '<h3>User amendment.</h3><br>Your details have been amended by the System Administration.<br>Your password has been changed to: <i>incupuss00</i>.', 'N', '', '2014-07-09 14:38:40'),
	(1493, 1, 244, 'User Amendment', '<h3>User amendment.</h3><br>Your details have been amended by the System Administration.<br>Your password has been changed to: <i>incupuss00</i>.', 'N', '', '2014-07-09 14:38:40');
/*!40000 ALTER TABLE `matinee_messages` ENABLE KEYS */;


-- Dumping structure for table matinee_calendar.matinee_pagenavigation
DROP TABLE IF EXISTS `matinee_pagenavigation`;
CREATE TABLE IF NOT EXISTS `matinee_pagenavigation` (
  `pagenavigationid` int(11) unsigned NOT NULL AUTO_INCREMENT,
  `pageid` int(11) NOT NULL,
  `childpageid` int(11) NOT NULL,
  `sequence` int(11) NOT NULL,
  `pagetype` varchar(1) DEFAULT NULL,
  `title` varchar(100) CHARACTER SET utf8 DEFAULT NULL,
  `divider` int(11) DEFAULT NULL,
  `target` varchar(50) DEFAULT NULL,
  PRIMARY KEY (`pagenavigationid`),
  UNIQUE KEY `ix_pagenav` (`pageid`,`childpageid`,`sequence`)
) ENGINE=MyISAM AUTO_INCREMENT=155 DEFAULT CHARSET=latin1;

-- Dumping data for table matinee_calendar.matinee_pagenavigation: 55 rows
/*!40000 ALTER TABLE `matinee_pagenavigation` DISABLE KEYS */;
REPLACE INTO `matinee_pagenavigation` (`pagenavigationid`, `pageid`, `childpageid`, `sequence`, `pagetype`, `title`, `divider`, `target`) VALUES
	(1, 1, 1, 1, 'P', NULL, NULL, NULL),
	(2, 1, 8, 2, 'M', 'Administration', NULL, NULL),
	(3, 1, 11, 500, 'M', NULL, NULL, NULL),
	(118, 1, 7167, 2700, 'M', NULL, NULL, NULL),
	(9, 1, 1271, 500, 'M', NULL, NULL, NULL),
	(151, 7195, 7201, 300, 'M', '', NULL, NULL),
	(119, 1, 7168, 2500, 'M', NULL, NULL, NULL),
	(19, 1, 3000, 11, 'P', NULL, NULL, NULL),
	(150, 7196, 7200, 200, 'M', '', NULL, NULL),
	(149, 7196, 7199, 100, 'M', '', NULL, NULL),
	(22, 1, 130, 2000, 'M', 'Data Management', NULL, NULL),
	(148, 7195, 7198, 200, 'M', '', NULL, NULL),
	(147, 7195, 7197, 100, 'M', '', NULL, NULL),
	(132, 7180, 7182, 200, 'M', '', NULL, NULL),
	(133, 3000, 7183, 1300, 'M', '', NULL, NULL),
	(134, 3000, 7184, 400, 'M', '', NULL, NULL),
	(135, 7174, 7185, 300, 'M', 'Graphs', NULL, NULL),
	(136, 7174, 7186, 500, 'M', '', NULL, NULL),
	(137, 7174, 7187, 400, 'M', '', NULL, NULL),
	(138, 7174, 7188, 600, 'M', '', NULL, NULL),
	(139, 3000, 7189, 800, 'M', '', NULL, NULL),
	(140, 3000, 7190, 1400, 'L', '', NULL, NULL),
	(141, 1, 7191, 3400, 'L', '', NULL, NULL),
	(142, 1, 7192, 3500, 'L', '', NULL, NULL),
	(143, 1, 7193, 200, 'M', '', NULL, NULL),
	(144, 1, 7194, 3600, 'L', '', NULL, NULL),
	(145, 1, 7195, 3700, 'P', '', NULL, NULL),
	(146, 1, 7196, 3800, 'P', '', NULL, NULL),
	(61, 1, 4, 600, 'M', NULL, NULL, NULL),
	(62, 1, 7105, 2100, 'M', NULL, NULL, NULL),
	(63, 1, 7107, 321, 'H', NULL, NULL, NULL),
	(131, 7180, 7181, 100, 'M', 'Members', NULL, NULL),
	(130, 1, 7180, 3300, 'P', 'Members', NULL, NULL),
	(129, 1, 7179, 3100, 'L', '', NULL, NULL),
	(128, 3000, 7178, 1200, 'M', '', NULL, NULL),
	(127, 7174, 7177, 200, 'M', '', NULL, NULL),
	(110, 3000, 7159, 500, 'M', '', NULL, NULL),
	(111, 3000, 7160, 200, 'M', '', NULL, NULL),
	(112, 3000, 7161, 600, 'L', NULL, NULL, NULL),
	(113, 1, 7162, 2200, 'M', NULL, NULL, NULL),
	(114, 1, 7163, 2300, 'M', NULL, NULL, NULL),
	(115, 1, 7164, 2400, 'L', NULL, NULL, NULL),
	(116, 3000, 7165, 300, 'M', 'Projects', NULL, NULL),
	(117, 3000, 7166, 700, 'L', NULL, NULL, NULL),
	(109, 3000, 7158, 100, 'M', 'Data Management', NULL, NULL),
	(125, 1, 7174, 3200, 'P', NULL, NULL, NULL),
	(126, 7174, 7176, 100, 'M', 'Reports', NULL, NULL),
	(124, 1, 7173, 3000, 'P', NULL, NULL, NULL),
	(123, 1, 7172, 2600, 'P', NULL, NULL, NULL),
	(122, 3000, 7171, 1100, 'L', NULL, NULL, NULL),
	(121, 3000, 7170, 1000, 'L', NULL, NULL, NULL),
	(120, 3000, 7169, 900, 'M', NULL, NULL, NULL),
	(152, 7174, 7202, 700, 'M', NULL, NULL, NULL),
	(153, 1, 7203, 3900, 'M', NULL, NULL, NULL),
	(154, 1, 7204, 4000, 'M', NULL, NULL, NULL);
/*!40000 ALTER TABLE `matinee_pagenavigation` ENABLE KEYS */;


-- Dumping structure for table matinee_calendar.matinee_pageroles
DROP TABLE IF EXISTS `matinee_pageroles`;
CREATE TABLE IF NOT EXISTS `matinee_pageroles` (
  `pageroleid` int(11) unsigned NOT NULL AUTO_INCREMENT,
  `pageid` int(11) NOT NULL,
  `roleid` varchar(20) NOT NULL,
  PRIMARY KEY (`pageroleid`),
  UNIQUE KEY `ix_pageroles` (`pageid`,`roleid`)
) ENGINE=MyISAM AUTO_INCREMENT=1113 DEFAULT CHARSET=latin1;

-- Dumping data for table matinee_calendar.matinee_pageroles: 77 rows
/*!40000 ALTER TABLE `matinee_pageroles` DISABLE KEYS */;
REPLACE INTO `matinee_pageroles` (`pageroleid`, `pageid`, `roleid`) VALUES
	(3, 3, 'ADMIN'),
	(665, 11, 'ADMIN'),
	(9, 13, 'ADMIN'),
	(667, 100, 'ADMIN'),
	(1095, 7183, 'USER'),
	(1082, 7182, 'PUBLIC'),
	(21, 1509, 'USER'),
	(1080, 7180, 'PUBLIC'),
	(174, 7106, 'ADMIN'),
	(161, 2000, 'PUBLIC'),
	(160, 14, 'PUBLIC'),
	(159, 10, 'PUBLIC'),
	(1063, 7172, 'PUBLIC'),
	(157, 6, 'PUBLIC'),
	(156, 5, 'PUBLIC'),
	(155, 2, 'PUBLIC'),
	(1079, 7179, 'PUBLIC'),
	(1064, 7173, 'PUBLIC'),
	(1062, 7171, 'PUBLIC'),
	(1061, 7170, 'PUBLIC'),
	(663, 8, 'ADMIN'),
	(1070, 7167, 'ADMIN'),
	(1071, 7168, 'ADMIN'),
	(1073, 7169, 'INSTRUCTOR'),
	(1076, 7158, 'INSTRUCTOR'),
	(1072, 7169, 'ADMIN'),
	(1109, 7174, 'ADMIN'),
	(661, 8, 'PUBLIC'),
	(1110, 7174, 'PM'),
	(1067, 7175, 'PUBLIC'),
	(1078, 7178, 'ADMIN'),
	(1068, 7176, 'PUBLIC'),
	(1069, 7177, 'PUBLIC'),
	(963, 4, 'ADMIN'),
	(654, 7107, 'ADMIN'),
	(653, 1, 'PUBLIC'),
	(651, 1, 'ADMIN'),
	(669, 100, 'USER'),
	(1084, 7184, 'PUBLIC'),
	(670, 130, 'ADMIN'),
	(676, 1271, 'ADMIN'),
	(678, 7105, 'ADMIN'),
	(656, 7107, 'PUBLIC'),
	(1081, 7181, 'PUBLIC'),
	(1074, 7160, 'ADMIN'),
	(1050, 7161, 'PUBLIC'),
	(1053, 7162, 'ADMIN'),
	(1054, 7163, 'ADMIN'),
	(1055, 7164, 'PUBLIC'),
	(1097, 7165, 'USER'),
	(1057, 7166, 'PUBLIC'),
	(1085, 7185, 'PUBLIC'),
	(982, 7125, 'PUBLIC'),
	(1107, 7201, 'PUBLIC'),
	(1106, 7200, 'PUBLIC'),
	(1105, 7199, 'PUBLIC'),
	(1104, 7198, 'PUBLIC'),
	(1029, 7143, 'ADMIN'),
	(1103, 7197, 'PUBLIC'),
	(1102, 7196, 'SCHOOL'),
	(1101, 7195, 'COMPANY'),
	(1033, 7147, 'PUBLIC'),
	(1094, 7194, 'PUBLIC'),
	(1096, 7193, 'USER'),
	(1092, 7192, 'PUBLIC'),
	(1091, 7191, 'PUBLIC'),
	(1090, 7190, 'PUBLIC'),
	(1089, 7189, 'PUBLIC'),
	(1088, 7188, 'PUBLIC'),
	(1087, 7187, 'PUBLIC'),
	(1086, 7186, 'PUBLIC'),
	(1048, 7159, 'PUBLIC'),
	(1075, 7158, 'ADMIN'),
	(1046, 3000, 'PUBLIC'),
	(1108, 7202, 'PUBLIC'),
	(1111, 7203, 'PUBLIC'),
	(1112, 7204, 'PUBLIC');
/*!40000 ALTER TABLE `matinee_pageroles` ENABLE KEYS */;


-- Dumping structure for table matinee_calendar.matinee_pages
DROP TABLE IF EXISTS `matinee_pages`;
CREATE TABLE IF NOT EXISTS `matinee_pages` (
  `pageid` int(11) unsigned NOT NULL AUTO_INCREMENT,
  `pagename` varchar(50) DEFAULT NULL,
  `label` varchar(100) DEFAULT NULL,
  `type` varchar(1) DEFAULT NULL,
  `content` text,
  PRIMARY KEY (`pageid`),
  UNIQUE KEY `ix_page` (`pagename`)
) ENGINE=MyISAM AUTO_INCREMENT=7203 DEFAULT CHARSET=latin1;

-- Dumping data for table matinee_calendar.matinee_pages: 40 rows
/*!40000 ALTER TABLE `matinee_pages` DISABLE KEYS */;
REPLACE INTO `matinee_pages` (`pageid`, `pagename`, `label`, `type`, `content`) VALUES
	(1, 'index.php', 'Home', 'P', NULL),
	(2, 'system-access-denied.php', 'Access Denied', 'P', NULL),
	(3, 'system-admin.php', 'Admin', 'P', NULL),
	(5, 'system-login-timeout.php', 'Session Timeout', 'P', NULL),
	(6, 'system-login-failed.php', 'Login Failed', 'P', NULL),
	(8, 'system-register.php', 'Register', 'P', NULL),
	(10, 'system-register-success.php', 'Register Success', 'P', NULL),
	(11, 'system-admin-roles.php', 'Roles', 'P', NULL),
	(13, 'system-register-exec.php', 'Register Save', 'P', NULL),
	(14, 'system-imageviewer.php', 'Image Viewer', 'P', NULL),
	(100, 'profile.php', 'Edit Profile', 'P', NULL),
	(130, 'users.php', 'Manage Users', 'P', NULL),
	(2000, 'system-login.php', 'Account log in', 'P', NULL),
	(1271, 'siteconfig.php', 'Site Configuration', 'P', NULL),
	(1508, 'passwordchanged.php', 'Changed Password', 'P', NULL),
	(1509, 'system-register-amend.php', 'User Amendment', 'P', NULL),
	(7105, 'managepages.php', 'Manage Pages', 'P', NULL),
	(3010, 'documents.php', 'Documents', 'P', NULL),
	(7106, 'manageactions.php', 'Manage Actions', 'P', NULL),
	(4, 'manageerrors.php', 'System Errors', 'P', NULL),
	(7107, 'welcome.php', 'Welcome', 'P', NULL),
	(7125, 'messages.php', 'Messages', 'P', NULL),
	(7143, 'managegrids.php', 'Manage Grids', 'P', NULL),
	(7147, 'runalerts.php', 'Alert Schedule', 'P', NULL),
	(7163, 'managevideostudios.php', 'Manage Video Studios', 'P', NULL),
	(7162, 'manageaudiostudios.php', 'Manage Audio Studios', 'P', NULL),
	(3000, 'calendars.php', 'Calendar', 'P', NULL),
	(7181, 'instructors.php', 'Instructors', 'P', NULL),
	(7182, 'students.php', 'Students', 'P', NULL),
	(7202, 'calendarevents.php', 'Calendar Events', 'P', NULL),
	(7191, 'accountconfirmed.php', 'Account Confirmed', 'P', NULL),
	(7192, 'activateaccount.php', 'Activate Account', 'P', NULL),
	(7194, 'system-register-activated.php', 'Account Activated', 'P', NULL),
	(7197, 'companymembers.php', 'Company Members', 'P', NULL),
	(7198, 'companysubgroups.php', 'Company Sub Groups', 'P', NULL),
	(7199, 'schoolmembers.php', 'School Members', 'P', NULL),
	(7200, 'schoolsubgroups.php', 'School Sub Groups', 'P', NULL),
	(7201, 'managecompanysubgroups.php', 'Manage Sub Groups', 'P', NULL),
	(7174, 'reports.php', 'Reports', 'P', NULL),
	(7176, 'auditlogs.php', 'Audit Logs', 'P', NULL);
/*!40000 ALTER TABLE `matinee_pages` ENABLE KEYS */;


-- Dumping structure for table matinee_calendar.matinee_roles
DROP TABLE IF EXISTS `matinee_roles`;
CREATE TABLE IF NOT EXISTS `matinee_roles` (
  `id` int(10) NOT NULL AUTO_INCREMENT,
  `roleid` varchar(20) DEFAULT '',
  `systemrole` varchar(1) DEFAULT NULL,
  PRIMARY KEY (`id`)
) ENGINE=MyISAM AUTO_INCREMENT=51 DEFAULT CHARSET=latin1;

-- Dumping data for table matinee_calendar.matinee_roles: 6 rows
/*!40000 ALTER TABLE `matinee_roles` DISABLE KEYS */;
REPLACE INTO `matinee_roles` (`id`, `roleid`, `systemrole`) VALUES
	(1, 'PUBLIC', 'Y'),
	(2, 'ADMIN', 'N'),
	(3, 'USER', 'Y'),
	(50, 'ADMINISTRATOR', 'N'),
	(49, 'PM', 'N'),
	(48, 'ENGINEER', 'N');
/*!40000 ALTER TABLE `matinee_roles` ENABLE KEYS */;


-- Dumping structure for table matinee_calendar.matinee_siteconfig
DROP TABLE IF EXISTS `matinee_siteconfig`;
CREATE TABLE IF NOT EXISTS `matinee_siteconfig` (
  `id` mediumint(8) unsigned NOT NULL AUTO_INCREMENT,
  `domainurl` varchar(60) DEFAULT NULL,
  `emailfooter` text,
  `lastschedulerun` date DEFAULT NULL,
  `runscheduledays` int(11) DEFAULT NULL,
  PRIMARY KEY (`id`)
) ENGINE=MyISAM AUTO_INCREMENT=2 DEFAULT CHARSET=latin1;

-- Dumping data for table matinee_calendar.matinee_siteconfig: 1 rows
/*!40000 ALTER TABLE `matinee_siteconfig` DISABLE KEYS */;
REPLACE INTO `matinee_siteconfig` (`id`, `domainurl`, `emailfooter`, `lastschedulerun`, `runscheduledays`) VALUES
	(1, 'http://calendar.matinee.co.uk', '', '2014-07-10', 1);
/*!40000 ALTER TABLE `matinee_siteconfig` ENABLE KEYS */;


-- Dumping structure for table matinee_calendar.matinee_studio
DROP TABLE IF EXISTS `matinee_studio`;
CREATE TABLE IF NOT EXISTS `matinee_studio` (
  `id` int(10) NOT NULL AUTO_INCREMENT,
  `name` varchar(60) NOT NULL,
  `type` varchar(1) NOT NULL,
  PRIMARY KEY (`id`),
  UNIQUE KEY `name_type` (`name`,`type`)
) ENGINE=MyISAM AUTO_INCREMENT=20 DEFAULT CHARSET=latin1 ROW_FORMAT=DYNAMIC;

-- Dumping data for table matinee_calendar.matinee_studio: 12 rows
/*!40000 ALTER TABLE `matinee_studio` DISABLE KEYS */;
REPLACE INTO `matinee_studio` (`id`, `name`, `type`) VALUES
	(15, 'WS - Glyn', 'V'),
	(14, 'WS - Daisy', 'V'),
	(13, 'WS - Ben', 'V'),
	(12, 'WS - Tom', 'V'),
	(10, 'Studio3', 'A'),
	(9, 'Studio2', 'A'),
	(8, 'Studio1', 'A'),
	(11, 'Studio4', 'A'),
	(16, 'WS - Mac Tom', 'V'),
	(17, 'WS - Mac Ben', 'V'),
	(18, 'Holiday', 'H'),
	(19, 'WS - Adam', 'V');
/*!40000 ALTER TABLE `matinee_studio` ENABLE KEYS */;


-- Dumping structure for table matinee_calendar.matinee_userroles
DROP TABLE IF EXISTS `matinee_userroles`;
CREATE TABLE IF NOT EXISTS `matinee_userroles` (
  `userroleid` int(11) unsigned NOT NULL AUTO_INCREMENT,
  `roleid` varchar(20) DEFAULT NULL,
  `memberid` int(11) DEFAULT NULL,
  PRIMARY KEY (`userroleid`),
  UNIQUE KEY `ix_userroles` (`roleid`,`memberid`)
) ENGINE=MyISAM AUTO_INCREMENT=1727 DEFAULT CHARSET=latin1;

-- Dumping data for table matinee_calendar.matinee_userroles: 116 rows
/*!40000 ALTER TABLE `matinee_userroles` DISABLE KEYS */;
REPLACE INTO `matinee_userroles` (`userroleid`, `roleid`, `memberid`) VALUES
	(1, 'PUBLIC', 1),
	(1623, 'USER', 228),
	(1624, 'INSTRUCTOR', 228),
	(1622, 'PUBLIC', 228),
	(1594, 'USER', 219),
	(1619, 'PUBLIC', 227),
	(1620, 'USER', 227),
	(1642, 'PUBLIC', 230),
	(1641, 'USER', 229),
	(1601, 'INSTRUCTOR', 216),
	(1602, 'INSTRUCTOR', 1),
	(1603, 'STUDENT', 216),
	(1604, 'PUBLIC', 221),
	(1605, 'USER', 221),
	(1606, 'INSTRUCTOR', 221),
	(1607, 'PUBLIC', 222),
	(1608, 'USER', 222),
	(1609, 'INSTRUCTOR', 222),
	(1610, 'PUBLIC', 223),
	(1611, 'USER', 223),
	(1612, 'INSTRUCTOR', 223),
	(1613, 'PUBLIC', 224),
	(1614, 'USER', 224),
	(1615, 'PUBLIC', 225),
	(1616, 'USER', 225),
	(1617, 'PUBLIC', 226),
	(1618, 'USER', 226),
	(345, 'ADMIN', 1),
	(1640, 'PUBLIC', 229),
	(1639, 'USER', 220),
	(1628, 'COMPANY', 1),
	(1592, 'PUBLIC', 216),
	(1593, 'PUBLIC', 219),
	(1638, 'PUBLIC', 220),
	(1621, 'INSTRUCTOR', 227),
	(1480, 'USER', 1),
	(1590, 'USER', 216),
	(1637, 'ENGINEER', 220),
	(1630, 'ENGINEER', 225),
	(1631, 'ENGINEER', 226),
	(1632, 'PM', 1),
	(1633, 'PM', 227),
	(1634, 'PM', 216),
	(1635, 'ADMINISTRATOR', 1),
	(1636, 'ADMINISTRATOR', 224),
	(1643, 'USER', 230),
	(1644, 'ENGINEER', 230),
	(1645, 'PUBLIC', 231),
	(1646, 'USER', 231),
	(1647, 'ENGINEER', 231),
	(1648, 'PUBLIC', 232),
	(1649, 'USER', 232),
	(1650, 'ADMIN', 232),
	(1651, 'PUBLIC', 233),
	(1652, 'USER', 233),
	(1653, 'ADMIN', 233),
	(1654, 'PUBLIC', 234),
	(1655, 'USER', 234),
	(1656, 'ADMIN', 234),
	(1720, 'ADMIN', 251),
	(1719, 'USER', 251),
	(1718, 'PUBLIC', 251),
	(1660, 'PUBLIC', 236),
	(1661, 'USER', 236),
	(1662, 'ADMIN', 236),
	(1663, 'PUBLIC', 237),
	(1664, 'USER', 237),
	(1665, 'ADMIN', 237),
	(1671, 'USER', 238),
	(1670, 'PUBLIC', 238),
	(1669, 'ENGINEER', 238),
	(1672, 'ADMINISTRATOR', 238),
	(1682, 'USER', 239),
	(1681, 'PUBLIC', 239),
	(1680, 'ADMIN', 239),
	(1717, 'ADMIN', 235),
	(1683, 'ENGINEER', 239),
	(1684, 'PUBLIC', 240),
	(1685, 'USER', 240),
	(1686, 'ENGINEER', 240),
	(1687, 'PUBLIC', 241),
	(1688, 'USER', 241),
	(1689, 'ENGINEER', 241),
	(1690, 'PUBLIC', 242),
	(1691, 'USER', 242),
	(1692, 'ENGINEER', 242),
	(1693, 'PUBLIC', 243),
	(1694, 'USER', 243),
	(1695, 'ENGINEER', 243),
	(1696, 'PUBLIC', 244),
	(1697, 'USER', 244),
	(1698, 'ENGINEER', 244),
	(1699, 'PUBLIC', 245),
	(1700, 'USER', 245),
	(1701, 'PM', 245),
	(1702, 'PUBLIC', 246),
	(1703, 'USER', 246),
	(1704, 'PM', 246),
	(1705, 'PUBLIC', 247),
	(1706, 'USER', 247),
	(1707, 'PM', 247),
	(1708, 'PUBLIC', 248),
	(1709, 'USER', 248),
	(1710, 'PM', 248),
	(1711, 'PUBLIC', 249),
	(1712, 'USER', 249),
	(1713, 'ADMIN', 249),
	(1714, 'PUBLIC', 250),
	(1715, 'USER', 250),
	(1716, 'ADMIN', 250),
	(1721, 'PUBLIC', 252),
	(1722, 'USER', 252),
	(1723, 'PM', 252),
	(1724, 'PUBLIC', 253),
	(1725, 'USER', 253),
	(1726, 'ENGINEER', 253);
/*!40000 ALTER TABLE `matinee_userroles` ENABLE KEYS */;
/*!40101 SET SQL_MODE=IFNULL(@OLD_SQL_MODE, '') */;
/*!40014 SET FOREIGN_KEY_CHECKS=IF(@OLD_FOREIGN_KEY_CHECKS IS NULL, 1, @OLD_FOREIGN_KEY_CHECKS) */;
/*!40101 SET CHARACTER_SET_CLIENT=@OLD_CHARACTER_SET_CLIENT */;
